t_perf,energy_mj,power_w,energy_changed,power_changed
111857.1447912,67500369,593.506,0,0
111857.211679,67550750,593.506,1,0
111857.24007,67550750,31.971,0,1
111857.3116318,67608457,31.971,1,0
111857.4116186,67666383,31.971,1,0
111857.5115268,67724136,31.971,1,0
111857.6115026,67782022,31.971,1,0
111857.7113095,67839445,31.971,1,0
111857.7397036,67839445,32.839,0,1
111857.81144,67897569,32.839,1,0
111857.9112927,67955217,32.839,1,0
111858.0112865,68013206,32.839,1,0
111858.1111373,68070933,32.839,1,0
111858.211424,68129177,32.839,1,0
111858.2400469,68129177,33.471,0,1
111858.311366,68186926,33.471,1,0
111858.4113186,68244827,33.471,1,0
111858.5110593,68302543,33.471,1,0
111858.6110426,68360580,33.471,1,0
111858.7108837,68417901,33.471,1,0
111858.739755,68417901,33.475,0,1
111858.8108776,68475923,33.475,1,0
111858.9110609,68533885,33.475,1,0
111859.0108545,68591695,33.475,1,0
111859.1107505,68649368,33.475,1,0
111859.2111243,68707392,33.475,1,0
111859.2401301,68707392,33.458,0,1
111859.3107788,68765027,33.458,1,0
111859.4110342,68823138,33.458,1,0
111859.5109164,68880919,33.458,1,0
111859.6110574,68938894,33.458,1,0
111859.710585,68996421,33.458,1,0
111859.7398655,68996421,33.454,0,1
111859.8108032,69054574,33.454,1,0
111859.9106526,69112302,33.454,1,0
111860.0105177,69170140,33.454,1,0
111860.110612,69227962,33.454,1,0
111860.2105101,69285873,33.454,1,0
111860.2400654,69285873,33.453,0,1
111860.3107777,69343817,33.453,1,0
111860.4107501,69401762,33.453,1,0
111860.5105627,69459360,33.453,1,0
111860.6106492,69517331,33.453,1,0
111860.7106461,69575002,33.453,1,0
111860.7403646,69575002,33.449,0,1
111860.8103501,69632796,33.449,1,0
111860.9105807,69690271,33.449,1,0
111861.0102688,69747886,33.449,1,0
111861.1102378,69805708,33.449,1,0
111861.2100888,69863575,33.449,1,0
111861.2407005,69863575,33.436,0,1
111861.310372,69921327,33.436,1,0
111861.4103411,69979136,33.436,1,0
111861.5098832,70036666,33.436,1,0
111861.6100798,70094693,33.436,1,0
111861.7105361,70152840,33.436,1,0
111861.7415204,70152840,33.405,0,1
111861.8099971,70210405,33.405,1,0
111861.9099988,70268067,33.405,1,0
111862.0101317,70326006,33.405,1,0
111862.1100039,70383686,33.405,1,0
111862.2098739,70441567,33.405,1,0
111862.2400594,70441567,33.4,0,1
111862.3099953,70499227,33.4,1,0
111862.4099233,70557103,33.4,1,0
111862.510105,70615039,33.4,1,0
111862.6100821,70672960,33.4,1,0
111862.7098479,70730566,33.4,1,0
111862.7403082,70730566,33.363,0,1
111862.8100104,70788600,33.363,1,0
111862.9096871,70846078,33.363,1,0
111863.0096324,70903938,33.363,1,0
111863.1098407,70961878,33.363,1,0
111863.2099593,71019922,33.363,1,0
111863.2402173,71019922,33.342,0,1
111863.3096526,71077681,33.342,1,0
111863.4095238,71135681,33.342,1,0
111863.5097392,71193274,33.342,1,0
111863.6094224,71251065,33.342,1,0
111863.7094233,71308721,33.342,1,0
111863.7404692,71308721,33.339,0,1
111863.8097508,71366846,33.339,1,0
111863.9096019,71424567,33.339,1,0
111864.0096993,71482478,33.339,1,0
111864.109392,71540150,33.339,1,0
111864.2093346,71598057,33.339,1,0
111864.2402905,71598057,33.328,0,1
111864.3092796,71655850,33.328,1,0
111864.4092551,71713664,33.328,1,0
111864.5093402,71771470,33.328,1,0
111864.6091217,71829145,33.328,1,0
111864.7092149,71886854,33.328,1,0
111864.7402396,71886854,33.298,0,1
111864.8095274,71944978,33.298,1,0
111864.909264,72002531,33.298,1,0
111865.0094567,72060657,33.298,1,0
111865.1091048,72118322,33.298,1,0
111865.2091899,72176327,33.298,1,0
111865.2404718,72176327,33.284,0,1
111865.3092838,72234295,33.284,1,0
111865.4088681,72291920,33.284,1,0
111865.5091955,72349959,33.284,1,0
111865.6087742,72407708,33.284,1,0
111865.7090524,72465780,33.284,1,0
111865.7403672,72465780,33.275,0,1
111865.8091108,72523752,33.275,1,0
111865.9090537,72581308,33.275,1,0
111866.0090039,72639324,33.275,1,0
111866.1087684,72696977,33.275,1,0
111866.2088756,72754894,33.275,1,0
111866.24035,72754894,33.263,0,1
111866.3089646,72812732,33.263,1,0
111866.4087512,72870562,33.263,1,0
111866.5088245,72928012,33.263,1,0
111866.6086858,72985818,33.263,1,0
111866.7085768,73043222,33.263,1,0
111866.7405079,73043222,33.201,0,1
111866.8087633,73101102,33.201,1,0
111866.9084774,73158692,33.201,1,0
111867.0087118,73216775,33.201,1,0
111867.1087074,73274519,33.201,1,0
111867.1428263,73274519,33.201,0,0
