window,t_wall,t_perf,power_w,temp_c,sm_clock_mhz,mem_clock_mhz,energy_mj,throttle_mask
matmul_tiny_loop_block00,1789503429.2247424,110080.435321,63.677,66,2295,9001,42121634,1
matmul_tiny_loop_block00,1789503429.2913074,110080.4960169,63.677,66,2295,9001,42121634,1
matmul_tiny_loop_block00,1789503429.3321347,110080.5368465,63.677,66,2295,9001,42141924,1
matmul_tiny_loop_block00,1789503429.3830616,110080.5877317,63.677,66,2295,9001,42141924,1
matmul_tiny_loop_block00,1789503429.4339826,110080.6386956,63.499,65,2325,9001,42156895,0
matmul_tiny_loop_block00,1789503429.4862955,110080.6910596,63.499,65,2325,9001,42156895,0
matmul_tiny_loop_block00,1789503429.5416243,110080.7464067,63.499,65,2325,9001,42176330,0
matmul_tiny_loop_block00,1789503429.5862627,110080.7910655,63.499,65,2325,9001,42176330,0
matmul_tiny_loop_block00,1789503429.630333,110080.8358831,63.499,65,2325,9001,42192991,0
matmul_tiny_loop_block00,1789503429.6836486,110080.8884267,63.499,65,2325,9001,42192991,0
matmul_tiny_loop_block00,1789503429.7398589,110080.9446818,63.499,65,2325,9001,42209654,0
matmul_tiny_loop_block01,1789503429.771481,110080.9761576,63.499,65,2325,9001,42209654,0
matmul_tiny_loop_block01,1789503429.8316753,110081.0364919,63.499,65,2325,9001,42230291,0
matmul_tiny_loop_block01,1789503429.8722208,110081.0768831,63.499,65,2325,9001,42230291,0
matmul_tiny_loop_block01,1789503429.9313726,110081.1360936,63.249,65,2310,9001,42251754,1
matmul_tiny_loop_block01,1789503429.971213,110081.1764621,63.249,65,2310,9001,42251754,1
matmul_tiny_loop_block01,1789503430.021825,110081.2265749,63.249,65,2310,9001,42271048,1
matmul_tiny_loop_block01,1789503430.0734205,110081.2781723,63.249,65,2310,9001,42271048,1
matmul_tiny_loop_block01,1789503430.1241808,110081.3289046,63.249,65,2310,9001,42288619,1
matmul_tiny_loop_block01,1789503430.1770997,110081.3819019,63.249,65,2310,9001,42288619,1
matmul_tiny_loop_block01,1789503430.2285473,110081.4332817,63.249,65,2310,9001,42298070,1
matmul_tiny_loop_block01,1789503430.2796082,110081.4843894,63.249,65,2310,9001,42298070,1
matmul_tiny_loop_block02,1789503430.312106,110081.5199887,63.249,65,2310,9001,42298070,1
matmul_tiny_loop_block02,1789503430.370965,110081.5756518,63.249,65,2310,9001,42324751,1
matmul_tiny_loop_block02,1789503430.4210777,110081.6257716,63.249,65,2310,9001,42339634,1
matmul_tiny_loop_block02,1789503430.4708488,110081.6756001,62.615,65,2325,9001,42339634,0
matmul_tiny_loop_block02,1789503430.519473,110081.7241483,62.615,65,2325,9001,42355260,0
matmul_tiny_loop_block02,1789503430.5706677,110081.775371,62.615,65,2325,9001,42355260,0
matmul_tiny_loop_block02,1789503430.6209345,110081.8258707,62.615,65,2325,9001,42370431,0
matmul_tiny_loop_block02,1789503430.6711626,110081.8761332,62.615,65,2325,9001,42370431,0
matmul_tiny_loop_block02,1789503430.7205327,110081.9253085,62.615,65,2325,9001,42386269,0
matmul_tiny_loop_block02,1789503430.7708895,110081.9756361,62.615,65,2325,9001,42386269,0
matmul_tiny_loop_block02,1789503430.8206515,110082.0253451,62.615,65,2325,9001,42402132,0
