window,t_wall,t_perf,power_w,temp_c,sm_clock_mhz,mem_clock_mhz,energy_mj,throttle_mask
idle_pre,1790332967.3133757,4877019.002111781,80.346,39,1095,1215,736729954935,0
idle_pre,1790332967.363487,4877019.052222956,80.346,39,1095,1215,736729963031,0
idle_pre,1790332967.4134865,4877019.102222681,80.346,39,1095,1215,736729963031,0
idle_pre,1790332967.463476,4877019.152211916,80.346,39,1095,1215,736729971139,0
idle_pre,1790332967.5136302,4877019.20236635,80.346,39,1095,1215,736729971139,0
idle_pre,1790332967.5636315,4877019.252367575,80.346,39,1095,1215,736729979241,0
idle_pre,1790332967.61363,4877019.30236605,80.43,39,1095,1215,736729979241,0
idle_pre,1790332967.6636322,4877019.352368266,80.43,39,1095,1215,736729987355,0
idle_pre,1790332967.7135687,4877019.402304842,80.346,39,1095,1215,736729987355,0
idle_pre,1790332967.7635107,4877019.452246788,80.346,39,1095,1215,736729995457,0
idle_pre,1790332967.8134978,4877019.502234063,80.43,39,1095,1215,736729995457,0
idle_pre,1790332967.8634722,4877019.552208269,80.43,39,1095,1215,736730003567,0
idle_pre,1790332967.9134526,4877019.602188415,80.43,38,1095,1215,736730003567,0
idle_pre,1790332967.963447,4877019.65218277,80.43,38,1095,1215,736730011678,0
idle_pre,1790332968.013446,4877019.702181975,80.43,38,1095,1215,736730011678,0
idle_pre,1790332968.0634477,4877019.75218343,80.43,38,1095,1215,736730019780,0
idle_pre,1790332968.1134472,4877019.802182995,80.43,38,1095,1215,736730019780,0
idle_pre,1790332968.1634452,4877019.852181041,80.43,38,1095,1215,736730027895,0
idle_pre,1790332968.2134466,4877019.902182326,80.43,38,1095,1215,736730027895,0
idle_pre,1790332968.2634475,4877019.952183352,80.43,38,1095,1215,736730036000,0
idle_pre,1790332968.313447,4877020.002182737,80.43,38,1095,1215,736730036000,0
idle_pre,1790332968.3634484,4877020.052184052,80.43,38,1095,1215,736730044106,0
idle_pre,1790332968.4134467,4877020.102182318,80.346,38,1095,1215,736730044106,0
idle_pre,1790332968.4634483,4877020.152183903,80.346,38,1095,1215,736730052209,0
idle_pre,1790332968.513442,4877020.202177779,80.43,38,1095,1215,736730052209,0
idle_pre,1790332968.563446,4877020.252181704,80.43,38,1095,1215,736730060313,0
idle_pre,1790332968.6134434,4877020.302179319,80.43,38,1095,1215,736730060313,0
idle_pre,1790332968.663445,4877020.352180665,80.43,38,1095,1215,736730068438,0
idle_pre,1790332968.7134418,4877020.40217754,80.43,38,1095,1215,736730068438,0
idle_pre,1790332968.7634497,4877020.452185285,80.43,38,1095,1215,736730076545,0
idle_pre,1790332968.813446,4877020.50218176,80.43,38,1095,1215,736730076545,0
idle_pre,1790332968.8634455,4877020.552181146,80.43,38,1095,1215,736730084653,0
idle_pre,1790332968.9134424,4877020.602177921,80.43,38,1095,1215,736730084653,0
idle_pre,1790332968.963449,4877020.652184777,80.43,38,1095,1215,736730092761,0
idle_pre,1790332969.013451,4877020.702186852,80.346,38,1095,1215,736730092761,0
idle_pre,1790332969.063445,4877020.752180707,80.346,38,1095,1215,736730100859,0
idle_pre,1790332969.1134417,4877020.802177653,80.43,38,1095,1215,736730100859,0
idle_pre,1790332969.1636221,4877020.852358246,80.43,38,1095,1215,736730108952,0
idle_pre,1790332969.213627,4877020.902363081,80.346,38,1095,1215,736730108952,0
idle_pre,1790332969.2636316,4877020.952367566,80.346,38,1095,1215,736730117067,0
idle_pre,1790332969.3136265,4877021.002362622,80.43,38,1095,1215,736730117067,0
idle_pre,1790332969.3636327,4877021.052368597,80.43,38,1095,1215,736730125176,0
idle_pre,1790332969.4136262,4877021.102362053,80.43,38,1095,1215,736730125176,0
idle_pre,1790332969.4636385,4877021.152374588,80.43,38,1095,1215,736730125176,0
idle_pre,1790332969.5136313,4877021.202367293,80.43,38,1095,1215,736730133366,0
idle_pre,1790332969.5636296,4877021.252365599,80.43,38,1095,1215,736730133366,0
idle_pre,1790332969.613625,4877021.302361153,80.43,38,1095,1215,736730141399,0
idle_pre,1790332969.6636305,4877021.352366509,80.43,38,1095,1215,736730141399,0
idle_pre,1790332969.713511,4877021.402246916,80.43,38,1095,1215,736730149484,0
idle_pre,1790332969.76363,4877021.452366,80.43,38,1095,1215,736730149484,0
idle_pre,1790332969.8134906,4877021.502226667,80.16,38,1095,1215,736730157562,0
idle_pre,1790332969.863645,4877021.55238134,80.16,38,1095,1215,736730157562,0
idle_pre,1790332969.913627,4877021.602362936,80.346,38,1095,1215,736730165657,0
idle_pre,1790332969.963632,4877021.65236825,80.346,38,1095,1215,736730165657,0
idle_pre,1790332970.0136247,4877021.702360566,80.077,38,1095,1215,736730173746,0
idle_pre,1790332970.0636334,4877021.752369461,80.077,38,1095,1215,736730173746,0
idle_pre,1790332970.1136265,4877021.802362477,80.16,38,1095,1215,736730181838,0
idle_pre,1790332970.1634834,4877021.852219444,80.16,38,1095,1215,736730181838,0
idle_pre,1790332970.2136266,4877021.902362688,80.16,38,1095,1215,736730189923,0
idle_pre,1790332970.2636309,4877021.952367013,80.16,38,1095,1215,736730189923,0
idle_pre,1790332970.3136277,4877022.002363798,80.16,38,1095,1215,736730197986,0
idle_pre,1790332970.3636293,4877022.052365284,80.16,38,1095,1215,736730197986,0
idle_pre,1790332970.4136274,4877022.102363469,80.077,38,1095,1215,736730206064,0
idle_pre,1790332970.46363,4877022.152366154,80.077,38,1095,1215,736730206064,0
idle_pre,1790332970.5136356,4877022.202371599,80.16,38,1095,1215,736730214146,0
idle_pre,1790332970.5636284,4877022.252364665,80.16,38,1095,1215,736730214146,0
idle_pre,1790332970.6136258,4877022.30236201,80.077,38,1095,1215,736730222225,0
idle_pre,1790332970.6634862,4877022.352222377,80.077,38,1095,1215,736730222225,0
idle_pre,1790332970.7136261,4877022.402362071,80.077,38,1095,1215,736730230309,0
idle_pre,1790332970.7636318,4877022.452367946,80.077,38,1095,1215,736730230309,0
idle_pre,1790332970.8134887,4877022.502224863,80.16,38,1095,1215,736730238383,0
idle_pre,1790332970.863626,4877022.552362117,80.16,38,1095,1215,736730238383,0
idle_pre,1790332970.9136279,4877022.602363892,80.077,38,1095,1215,736730246458,0
idle_pre,1790332970.9636307,4877022.652366538,80.077,38,1095,1215,736730246458,0
idle_pre,1790332971.0136254,4877022.702361293,80.077,38,1095,1215,736730254524,0
idle_pre,1790332971.0636337,4877022.752369758,80.077,38,1095,1215,736730254524,0
idle_pre,1790332971.113626,4877022.802362044,80.16,38,1095,1215,736730262607,0
idle_pre,1790332971.16363,4877022.852366019,80.16,38,1095,1215,736730262607,0
idle_pre,1790332971.2134862,4877022.902222076,80.16,38,1095,1215,736730270696,0
idle_pre,1790332971.263632,4877022.95236809,80.16,38,1095,1215,736730270696,0
idle_pre,1790332971.3136299,4877023.002365955,80.16,38,1095,1215,736730278777,0
idle_pre,1790332971.3636298,4877023.05236585,80.16,38,1095,1215,736730278777,0
idle_pre,1790332971.4136305,4877023.102366616,80.16,38,1095,1215,736730286858,0
idle_pre,1790332971.4634864,4877023.152222523,80.16,38,1095,1215,736730286858,0
idle_pre,1790332971.513482,4877023.202218078,80.077,38,1095,1215,736730294938,0
idle_pre,1790332971.563633,4877023.252368992,80.077,38,1095,1215,736730294938,0
idle_pre,1790332971.6136267,4877023.302362627,80.077,38,1095,1215,736730303035,0
idle_pre,1790332971.6636333,4877023.352369442,80.077,38,1095,1215,736730303035,0
idle_pre,1790332971.713628,4877023.402364317,80.077,38,1095,1215,736730311094,0
idle_pre,1790332971.7636287,4877023.452364873,80.077,38,1095,1215,736730311094,0
idle_pre,1790332971.813491,4877023.50222745,80.077,38,1095,1215,736730319213,0
idle_pre,1790332971.8636303,4877023.552366434,80.077,38,1095,1215,736730319213,0
idle_pre,1790332971.9136295,4877023.602365519,80.16,38,1095,1215,736730327298,0
idle_pre,1790332971.9636319,4877023.652367984,80.16,38,1095,1215,736730327298,0
idle_pre,1790332972.0136309,4877023.702366979,80.16,38,1095,1215,736730335376,0
idle_pre,1790332972.0636292,4877023.752365005,80.16,38,1095,1215,736730335376,0
idle_pre,1790332972.1136293,4877023.80236555,80.077,38,1095,1215,736730343534,0
idle_pre,1790332972.163632,4877023.852367906,80.077,38,1095,1215,736730343534,0
idle_pre,1790332972.213492,4877023.902227932,80.16,38,1095,1215,736730351513,0
idle_pre,1790332972.2636304,4877023.952366336,80.16,38,1095,1215,736730351513,0
idle_pre,1790332972.3136246,4877024.002360712,80.16,38,1095,1215,736730359593,0
idle_pre,1790332972.363629,4877024.052365137,80.16,38,1095,1215,736730359593,0
idle_pre,1790332972.4136264,4877024.102362422,80.077,38,1095,1215,736730367659,0
idle_pre,1790332972.4634867,4877024.152222629,80.077,38,1095,1215,736730367659,0
idle_pre,1790332972.5136273,4877024.202363343,80.077,38,1095,1215,736730375747,0
idle_pre,1790332972.5636282,4877024.252364418,80.077,38,1095,1215,736730375747,0
idle_pre,1790332972.6136267,4877024.302362693,80.077,38,1095,1215,736730383813,0
idle_pre,1790332972.6636286,4877024.352364659,80.077,38,1095,1215,736730383813,0
idle_pre,1790332972.713627,4877024.402363184,80.077,38,1095,1215,736730391916,0
idle_pre,1790332972.7636292,4877024.452365459,80.077,38,1095,1215,736730391916,0
idle_pre,1790332972.8134909,4877024.502227206,80.16,38,1095,1215,736730399997,0
idle_pre,1790332972.8636298,4877024.55236582,80.16,38,1095,1215,736730399997,0
idle_pre,1790332972.913626,4877024.602361935,80.16,38,1095,1215,736730408086,0
idle_pre,1790332972.9635735,4877024.652309641,80.16,38,1095,1215,736730408086,0
idle_pre,1790332973.013484,4877024.702220098,80.16,38,1095,1215,736730416151,0
idle_pre,1790332973.0634856,4877024.752221733,80.16,38,1095,1215,736730416151,0
idle_pre,1790332973.113626,4877024.802362237,80.077,38,1095,1215,736730424226,0
idle_pre,1790332973.1636295,4877024.852365722,80.077,38,1095,1215,736730424226,0
idle_pre,1790332973.2136247,4877024.902360957,80.077,38,1095,1215,736730432281,0
idle_pre,1790332973.2636313,4877024.952367403,80.077,38,1095,1215,736730432281,0
idle_pre,1790332973.3136284,4877025.002364588,80.077,38,1095,1215,736730440363,0
idle_pre,1790332973.3636298,4877025.052365773,80.077,38,1095,1215,736730440363,0
idle_pre,1790332973.4136298,4877025.102365859,80.077,38,1095,1215,736730448421,0
idle_pre,1790332973.463628,4877025.152364124,80.077,38,1095,1215,736730448421,0
idle_pre,1790332973.5136254,4877025.20236151,80.077,38,1095,1215,736730457194,0
idle_pre,1790332973.5634487,4877025.252184407,80.16,37,1095,1215,736730457194,0
idle_pre,1790332973.613443,4877025.302178632,80.16,37,1095,1215,736730464657,0
idle_pre,1790332973.663446,4877025.352181797,80.16,37,1095,1215,736730464657,0
idle_pre,1790332973.7134397,4877025.402175483,79.754,37,1095,1215,736730472714,0
idle_pre,1790332973.7634816,4877025.452217678,79.754,37,1095,1215,736730472714,0
idle_pre,1790332973.813491,4877025.502227273,79.754,37,1095,1215,736730480763,0
idle_pre,1790332973.8634846,4877025.552220738,79.754,37,1095,1215,736730480763,0
idle_pre,1790332973.913626,4877025.602361992,79.837,37,1095,1215,736730488815,0
idle_pre,1790332973.9636297,4877025.652365928,79.837,37,1095,1215,736730488815,0
idle_pre,1790332974.0134766,4877025.702212715,79.754,37,1095,1215,736730496874,0
idle_pre,1790332974.0636303,4877025.752366378,79.754,37,1095,1215,736730496874,0
idle_pre,1790332974.1134508,4877025.802186885,79.754,37,1095,1215,736730504919,0
idle_pre,1790332974.1636324,4877025.852368529,79.754,37,1095,1215,736730504919,0
idle_pre,1790332974.2134497,4877025.902185886,79.754,37,1095,1215,736730512957,0
idle_pre,1790332974.263628,4877025.952364139,79.754,37,1095,1215,736730512957,0
idle_pre,1790332974.3134496,4877026.002185897,79.754,37,1095,1215,736730521009,0
idle_pre,1790332974.3636267,4877026.05236291,79.754,37,1095,1215,736730521009,0
idle_pre,1790332974.4135025,4877026.102238477,79.754,37,1095,1215,736730529038,0
idle_pre,1790332974.463631,4877026.152366881,79.754,37,1095,1215,736730529038,0
idle_pre,1790332974.5136328,4877026.202368766,79.837,37,1095,1215,736730537099,0
idle_pre,1790332974.5636277,4877026.252363841,79.837,37,1095,1215,736730537099,0
idle_pre,1790332974.6135652,4877026.302301278,79.837,37,1095,1215,736730545146,0
idle_pre,1790332974.6634848,4877026.352221024,79.837,37,1095,1215,736730545146,0
idle_pre,1790332974.7136292,4877026.402365327,79.837,37,1095,1215,736730553211,0
idle_pre,1790332974.7634866,4877026.452222824,79.837,37,1095,1215,736730553211,0
idle_pre,1790332974.81363,4877026.502366198,79.837,37,1095,1215,736730553211,0
idle_pre,1790332974.8636274,4877026.552363463,79.837,37,1095,1215,736730561340,0
idle_pre,1790332974.9136345,4877026.602370588,79.754,37,1095,1215,736730561340,0
idle_pre,1790332974.9636297,4877026.652365924,79.754,37,1095,1215,736730569316,0
idle_pre,1790332975.0136285,4877026.702364439,79.837,37,1095,1215,736730569316,0
idle_pre,1790332975.0634873,4877026.752223196,79.837,37,1095,1215,736730577377,0
idle_pre,1790332975.1136303,4877026.80236619,79.754,37,1095,1215,736730577377,0
idle_pre,1790332975.163629,4877026.852365025,79.754,37,1095,1215,736730585389,0
idle_pre,1790332975.2136295,4877026.902365471,79.754,37,1095,1215,736730585389,0
idle_pre,1790332975.2636285,4877026.952364596,79.754,37,1095,1215,736730593423,0
idle_pre,1790332975.3136292,4877027.002365182,79.754,37,1095,1215,736730593423,0
idle_pre,1790332975.3636243,4877027.052360497,79.754,37,1095,1215,736730601465,0
idle_pre,1790332975.413628,4877027.102364102,79.837,37,1095,1215,736730601465,0
idle_pre,1790332975.4634848,4877027.152220799,79.837,37,1095,1215,736730609508,0
idle_pre,1790332975.5136316,4877027.202367522,79.837,37,1095,1215,736730609508,0
idle_pre,1790332975.5636265,4877027.252362558,79.837,37,1095,1215,736730617554,0
idle_pre,1790332975.613629,4877027.302365203,79.837,37,1095,1215,736730617554,0
idle_pre,1790332975.6636283,4877027.352364389,79.837,37,1095,1215,736730625587,0
idle_pre,1790332975.713481,4877027.402216976,79.754,37,1095,1215,736730625587,0
idle_pre,1790332975.7636285,4877027.452364469,79.754,37,1095,1215,736730633639,0
idle_pre,1790332975.8134933,4877027.502229386,79.837,37,1095,1215,736730633639,0
idle_pre,1790332975.8636277,4877027.55236385,79.837,37,1095,1215,736730641684,0
idle_pre,1790332975.913628,4877027.602364245,79.754,37,1095,1215,736730641684,0
idle_pre,1790332975.9636273,4877027.652363341,79.754,37,1095,1215,736730649728,0
idle_pre,1790332976.0136302,4877027.702366386,79.754,37,1095,1215,736730649728,0
idle_pre,1790332976.0636299,4877027.752365972,79.754,37,1095,1215,736730657763,0
idle_pre,1790332976.1135209,4877027.802256948,79.837,37,1095,1215,736730657763,0
idle_pre,1790332976.1636293,4877027.852365262,79.837,37,1095,1215,736730665820,0
idle_pre,1790332976.21364,4877027.902375907,79.837,37,1095,1215,736730665820,0
idle_pre,1790332976.2636313,4877027.952367483,79.837,37,1095,1215,736730673866,0
idle_pre,1790332976.3136313,4877028.002367258,79.837,37,1095,1215,736730673866,0
idle_pre,1790332976.3636324,4877028.052368364,79.837,37,1095,1215,736730681908,0
idle_pre,1790332976.4136322,4877028.102368379,79.754,37,1095,1215,736730681908,0
idle_pre,1790332976.4636285,4877028.152364554,79.754,37,1095,1215,736730689940,0
idle_pre,1790332976.5136304,4877028.202366429,79.754,37,1095,1215,736730689940,0
idle_pre,1790332976.5634873,4877028.252223296,79.754,37,1095,1215,736730697984,0
idle_pre,1790332976.6134865,4877028.302222781,79.754,37,1095,1215,736730697984,0
idle_pre,1790332976.6634846,4877028.352220757,79.754,37,1095,1215,736730706021,0
idle_pre,1790332976.7136295,4877028.402365601,79.754,37,1095,1215,736730706021,0
idle_pre,1790332976.7636309,4877028.452366786,79.754,37,1095,1215,736730714060,0
idle_pre,1790332976.8134937,4877028.502229913,79.754,37,1095,1215,736730714060,0
idle_pre,1790332976.8636277,4877028.552363927,79.754,37,1095,1215,736730722102,0
idle_pre,1790332976.9135506,4877028.602286713,79.837,37,1095,1215,736730722102,0
idle_pre,1790332976.963629,4877028.652365077,79.837,37,1095,1215,736730730152,0
idle_pre,1790332977.0136302,4877028.702366343,79.837,37,1095,1215,736730730152,0
idle_pre,1790332977.0634842,4877028.752220269,79.837,37,1095,1215,736730738197,0
idle_pre,1790332977.1136286,4877028.802364843,79.837,37,1095,1215,736730738197,0
idle_pre,1790332977.163625,4877028.852361048,79.837,37,1095,1215,736730746246,0
idle_pre,1790332977.2136302,4877028.902366264,79.837,37,1095,1215,736730746246,0
idle_pre,1790332977.2636297,4877028.952365509,79.837,37,1095,1215,736730754286,0
idle_pre,1790332977.3136356,4877029.002371584,79.837,37,1095,1215,736730754286,0
idle_pre,1790332977.3635976,4877029.05233351,79.837,37,1095,1215,736730762326,0
idle_pre,1790332977.4134865,4877029.102222737,79.754,37,1095,1215,736730762326,0
idle_pre,1790332977.4636292,4877029.152365311,79.754,37,1095,1215,736730770364,0
idle_pre,1790332977.5136304,4877029.202366436,79.837,37,1095,1215,736730770364,0
idle_pre,1790332977.5636292,4877029.252365091,79.837,37,1095,1215,736730778398,0
idle_pre,1790332977.613632,4877029.302367977,79.837,37,1095,1215,736730778398,0
idle_pre,1790332977.6636288,4877029.352364882,79.837,37,1095,1215,736730786421,0
idle_pre,1790332977.7136323,4877029.402368327,79.837,37,1095,1215,736730786421,0
idle_pre,1790332977.7636282,4877029.452364382,79.837,37,1095,1215,736730794466,0
idle_pre,1790332977.8134913,4877029.502227629,79.837,37,1095,1215,736730794466,0
idle_pre,1790332977.8636272,4877029.552363393,79.837,37,1095,1215,736730802501,0
idle_pre,1790332977.91363,4877029.602366128,79.837,37,1095,1215,736730802501,0
idle_pre,1790332977.963631,4877029.652366824,79.837,37,1095,1215,736730810542,0
idle_pre,1790332978.013629,4877029.702364999,79.567,37,1095,1215,736730810542,0
idle_pre,1790332978.0636296,4877029.752365585,79.567,37,1095,1215,736730818551,0
idle_pre,1790332978.113487,4877029.802223272,79.484,37,1095,1215,736730818551,0
idle_pre,1790332978.1634881,4877029.852224197,79.484,37,1095,1215,736730826595,0
idle_pre,1790332978.213628,4877029.9023643,79.837,37,1095,1215,736730826595,0
idle_pre,1790332978.2634852,4877029.952221118,79.837,37,1095,1215,736730834612,0
idle_pre,1790332978.313632,4877030.002367941,79.484,37,1095,1215,736730834612,0
idle_pre,1790332978.3636305,4877030.052366577,79.484,37,1095,1215,736730842630,0
idle_pre,1790332978.4136317,4877030.102367902,79.484,37,1095,1215,736730842630,0
idle_pre,1790332978.4636467,4877030.152382867,79.484,37,1095,1215,736730850643,0
idle_pre,1790332978.5136337,4877030.202369883,79.484,37,1095,1215,736730850643,0
idle_pre,1790332978.5636308,4877030.252366848,79.484,37,1095,1215,736730858658,0
idle_pre,1790332978.6134863,4877030.302222285,79.567,37,1095,1215,736730858658,0
idle_pre,1790332978.6634855,4877030.352221541,79.567,37,1095,1215,736730866680,0
idle_pre,1790332978.7136316,4877030.402367664,79.567,37,1095,1215,736730866680,0
idle_pre,1790332978.7636302,4877030.452366029,79.567,37,1095,1215,736730874713,0
idle_pre,1790332978.8134964,4877030.502232586,79.567,37,1095,1215,736730874713,0
idle_pre,1790332978.86363,4877030.55236612,79.567,37,1095,1215,736730882735,0
idle_pre,1790332978.9136298,4877030.602365775,79.567,37,1095,1215,736730882735,0
idle_pre,1790332978.963608,4877030.652344021,79.567,37,1095,1215,736730890784,0
idle_pre,1790332979.0136313,4877030.702367376,79.567,37,1095,1215,736730890784,0
idle_pre,1790332979.0636306,4877030.752366741,79.567,37,1095,1215,736730898792,0
idle_pre,1790332979.113489,4877030.802224838,79.567,37,1095,1215,736730898792,0
idle_pre,1790332979.1636293,4877030.852365391,79.567,37,1095,1215,736730906796,0
idle_pre,1790332979.2136295,4877030.902365617,79.484,37,1095,1215,736730906796,0
idle_pre,1790332979.2634864,4877030.952222634,79.484,37,1095,1215,736730914811,0
idle_pre,1790332979.31363,4877031.002366148,79.484,37,1095,1215,736730914811,0
idle_pre,1790332979.363629,4877031.052365013,79.484,37,1095,1215,736730922819,0
idle_pre,1790332979.4136314,4877031.102367438,79.567,37,1095,1215,736730922819,0
idle_pre,1790332979.463632,4877031.152368224,79.567,37,1095,1215,736730930838,0
idle_pre,1790332979.5136282,4877031.202364269,79.484,37,1095,1215,736730930838,0
idle_pre,1790332979.5636296,4877031.252365685,79.484,37,1095,1215,736730938853,0
idle_pre,1790332979.6136324,4877031.30236865,79.484,37,1095,1215,736730938853,0
idle_pre,1790332979.6636314,4877031.352367485,79.484,37,1095,1215,736730946870,0
idle_pre,1790332979.7136304,4877031.402366391,79.484,37,1095,1215,736730946870,0
idle_pre,1790332979.7634873,4877031.452223257,79.484,37,1095,1215,736730954903,0
idle_pre,1790332979.8134956,4877031.502231662,79.567,37,1095,1215,736730954903,0
idle_pre,1790332979.8636303,4877031.552366296,79.567,37,1095,1215,736730962920,0
idle_pre,1790332979.9134872,4877031.602223173,79.567,37,1095,1215,736730962920,0
idle_pre,1790332979.9634862,4877031.652222379,79.567,37,1095,1215,736730970938,0
idle_pre,1790332980.0134866,4877031.702222624,79.484,37,1095,1215,736730970938,0
idle_pre,1790332980.0634866,4877031.75222248,79.484,37,1095,1215,736730978964,0
idle_pre,1790332980.1134882,4877031.802224205,79.567,37,1095,1215,736730978964,0
idle_pre,1790332980.1634865,4877031.85222254,79.567,37,1095,1215,736730986981,0
idle_pre,1790332980.2134876,4877031.902223755,79.567,37,1095,1215,736730986981,0
idle_pre,1790332980.263484,4877031.952219851,79.567,37,1095,1215,736730994996,0
idle_pre,1790332980.3136292,4877032.002365354,79.567,37,1095,1215,736730994996,0
idle_pre,1790332980.363631,4877032.05236703,79.567,37,1095,1215,736731003026,0
idle_pre,1790332980.4136422,4877032.102378265,79.567,37,1095,1215,736731003026,0
idle_pre,1790332980.4636292,4877032.15236546,79.567,37,1095,1215,736731011043,0
idle_pre,1790332980.513629,4877032.202364915,79.567,37,1095,1215,736731011043,0
idle_pre,1790332980.5636284,4877032.252364611,79.567,37,1095,1215,736731011043,0
idle_pre,1790332980.61363,4877032.302366016,79.567,37,1095,1215,736731019203,0
idle_pre,1790332980.663482,4877032.352217783,79.567,37,1095,1215,736731019203,0
idle_pre,1790332980.71363,4877032.402365887,79.484,37,1095,1215,736731027239,0
idle_pre,1790332980.7636316,4877032.452367632,79.484,37,1095,1215,736731027239,0
idle_pre,1790332980.8134885,4877032.502224459,79.484,37,1095,1215,736731035211,0
idle_pre,1790332980.8636274,4877032.552363643,79.484,37,1095,1215,736731035211,0
idle_pre,1790332980.9136317,4877032.602367928,79.484,36,1095,1215,736731043154,0
idle_pre,1790332980.9635925,4877032.652328464,79.484,36,1095,1215,736731043154,0
idle_pre,1790332981.0136309,4877032.702367079,79.484,37,1095,1215,736731051167,0
idle_pre,1790332981.0636299,4877032.752365984,79.484,37,1095,1215,736731051167,0
idle_pre,1790332981.1136293,4877032.80236555,79.567,36,1095,1215,736731059178,0
idle_pre,1790332981.1636295,4877032.852365665,79.567,36,1095,1215,736731059178,0
idle_pre,1790332981.213629,4877032.90236499,79.567,36,1095,1215,736731067198,0
idle_pre,1790332981.263485,4877032.952221037,79.567,36,1095,1215,736731067198,0
idle_pre,1790332981.3136292,4877033.002365241,79.567,36,1095,1215,736731075215,0
idle_pre,1790332981.3636303,4877033.052366286,79.567,36,1095,1215,736731075215,0
idle_pre,1790332981.4136283,4877033.102364521,79.567,36,1095,1215,736731083239,0
idle_pre,1790332981.4636292,4877033.152365367,79.567,36,1095,1215,736731083239,0
idle_pre,1790332981.5136287,4877033.202364792,79.567,36,1095,1215,736731091253,0
idle_pre,1790332981.5635374,4877033.252273509,79.567,36,1095,1215,736731091253,0
idle_pre,1790332981.6136286,4877033.302364763,79.484,36,1095,1215,736731099276,0
idle_pre,1790332981.6635492,4877033.352285159,79.484,36,1095,1215,736731099276,0
idle_pre,1790332981.7134876,4877033.402223625,79.484,36,1095,1215,736731107287,0
idle_pre,1790332981.7636282,4877033.452364369,79.484,36,1095,1215,736731107287,0
idle_pre,1790332981.8134935,4877033.502229616,79.484,36,1095,1215,736731115321,0
idle_pre,1790332981.8634865,4877033.552222501,79.484,36,1095,1215,736731115321,0
idle_pre,1790332981.91363,4877033.602366125,79.567,36,1095,1215,736731123345,0
idle_pre,1790332981.9636278,4877033.65236381,79.567,36,1095,1215,736731123345,0
idle_pre,1790332982.01363,4877033.702366036,79.567,36,1095,1215,736731131365,0
idle_pre,1790332982.0636303,4877033.752366261,79.567,36,1095,1215,736731131365,0
idle_pre,1790332982.113626,4877033.802362026,79.567,36,1095,1215,736731139385,0
idle_pre,1790332982.163627,4877033.852363141,79.567,36,1095,1215,736731139385,0
idle_pre,1790332982.2136335,4877033.902369577,79.567,36,1095,1215,736731147402,0
idle_pre,1790332982.2636287,4877033.952364912,79.567,36,1095,1215,736731147402,0
idle_pre,1790332982.3136308,4877034.002366838,79.567,36,1095,1215,736731155403,0
idle_pre,1790332982.3636277,4877034.052363833,79.567,36,1095,1215,736731155403,0
idle_pre,1790332982.4136283,4877034.102364458,79.484,36,1095,1215,736731163433,0
idle_pre,1790332982.4636254,4877034.152361604,79.484,36,1095,1215,736731163433,0
idle_pre,1790332982.5136318,4877034.202367859,79.484,36,1095,1215,736731171441,0
idle_pre,1790332982.5636299,4877034.252365774,79.484,36,1095,1215,736731171441,0
idle_pre,1790332982.6136286,4877034.30236481,79.484,36,1095,1215,736731179456,0
idle_pre,1790332982.6636295,4877034.352365535,79.484,36,1095,1215,736731179456,0
idle_pre,1790332982.7136326,4877034.40236844,79.484,36,1095,1215,736731187495,0
idle_pre,1790332982.7636285,4877034.452364475,79.484,36,1095,1215,736731187495,0
idle_pre,1790332982.8134935,4877034.502229612,79.567,36,1095,1215,736731195544,0
idle_pre,1790332982.863631,4877034.552367116,79.567,36,1095,1215,736731195544,0
idle_pre,1790332982.9136295,4877034.602365462,79.567,36,1095,1215,736731203545,0
idle_pre,1790332982.9636283,4877034.652364377,79.567,36,1095,1215,736731203545,0
idle_pre,1790332983.0135183,4877034.702254504,79.297,36,1095,1215,736731211530,0
idle_pre,1790332983.0636327,4877034.752368607,79.297,36,1095,1215,736731211530,0
idle_pre,1790332983.1136317,4877034.802367833,79.297,36,1095,1215,736731219559,0
idle_pre,1790332983.1636257,4877034.852361738,79.297,36,1095,1215,736731219559,0
idle_pre,1790332983.2134871,4877034.902223195,79.215,36,1095,1215,736731227621,0
idle_pre,1790332983.2634854,4877034.95222143,79.215,36,1095,1215,736731227621,0
idle_pre,1790332983.3135426,4877035.002278765,79.567,36,1095,1215,736731235581,0
idle_pre,1790332983.3636284,4877035.05236436,79.567,36,1095,1215,736731235581,0
idle_pre,1790332983.4136317,4877035.102367805,79.567,36,1095,1215,736731243566,0
idle_pre,1790332983.4634838,4877035.152219902,79.567,36,1095,1215,736731243566,0
idle_pre,1790332983.5136304,4877035.202366605,79.484,36,1095,1215,736731251566,0
idle_pre,1790332983.56363,4877035.252366181,79.484,36,1095,1215,736731251566,0
idle_pre,1790332983.613628,4877035.302363856,79.215,36,1095,1215,736731259531,0
idle_pre,1790332983.6636293,4877035.352365411,79.215,36,1095,1215,736731259531,0
idle_pre,1790332983.71363,4877035.402366007,79.567,36,1095,1215,736731267516,0
idle_pre,1790332983.76363,4877035.452365752,79.567,36,1095,1215,736731267516,0
idle_pre,1790332983.8134913,4877035.502227479,79.215,36,1095,1215,736731275516,0
idle_pre,1790332983.8636286,4877035.552364533,79.215,36,1095,1215,736731275516,0
idle_pre,1790332983.913485,4877035.6022211,79.297,36,1095,1215,736731283517,0
idle_pre,1790332983.9636307,4877035.652366593,79.297,36,1095,1215,736731283517,0
idle_pre,1790332984.0136306,4877035.702366728,79.215,36,1095,1215,736731291517,0
idle_pre,1790332984.0636313,4877035.752367464,79.215,36,1095,1215,736731291517,0
idle_pre,1790332984.1135588,4877035.80229471,79.297,36,1095,1215,736731299510,0
idle_pre,1790332984.1636312,4877035.852367075,79.297,36,1095,1215,736731299510,0
idle_pre,1790332984.2136302,4877035.90236614,79.215,36,1095,1215,736731307500,0
idle_pre,1790332984.2636297,4877035.952365695,79.215,36,1095,1215,736731307500,0
idle_pre,1790332984.3136299,4877036.002365891,79.215,36,1095,1215,736731315493,0
idle_pre,1790332984.3636236,4877036.052359606,79.215,36,1095,1215,736731315493,0
idle_pre,1790332984.4136302,4877036.102366361,79.297,36,1095,1215,736731323476,0
idle_pre,1790332984.463629,4877036.152365116,79.297,36,1095,1215,736731323476,0
idle_pre,1790332984.5136337,4877036.202369912,79.215,36,1095,1215,736731331473,0
idle_pre,1790332984.5636554,4877036.252391497,79.215,36,1095,1215,736731331473,0
idle_pre,1790332984.6136339,4877036.302369732,79.297,36,1095,1215,736731339474,0
idle_pre,1790332984.6636302,4877036.352366508,79.297,36,1095,1215,736731339474,0
idle_pre,1790332984.713632,4877036.402367973,79.297,36,1095,1215,736731347461,0
idle_pre,1790332984.7634864,4877036.45222253,79.297,36,1095,1215,736731347461,0
idle_pre,1790332984.813494,4877036.502230066,79.297,36,1095,1215,736731355455,0
idle_pre,1790332984.8634853,4877036.552221381,79.297,36,1095,1215,736731355455,0
idle_pre,1790332984.91363,4877036.602366005,79.297,36,1095,1215,736731363451,0
idle_pre,1790332984.963629,4877036.65236511,79.297,36,1095,1215,736731363451,0
idle_pre,1790332985.01363,4877036.702365906,79.215,36,1095,1215,736731371442,0
idle_pre,1790332985.063485,4877036.752220903,79.215,36,1095,1215,736731371442,0
idle_pre,1790332985.113483,4877036.802218958,79.215,36,1095,1215,736731379440,0
idle_pre,1790332985.1634858,4877036.852221653,79.215,36,1095,1215,736731379440,0
idle_pre,1790332985.2134883,4877036.902224469,79.215,36,1095,1215,736731387424,0
idle_pre,1790332985.2634857,4877036.952221614,79.215,36,1095,1215,736731387424,0
idle_pre,1790332985.3134894,4877037.002225389,79.297,36,1095,1215,736731395416,0
idle_pre,1790332985.3634958,4877037.052232034,79.297,36,1095,1215,736731395416,0
idle_pre,1790332985.413494,4877037.10223012,79.215,36,1095,1215,736731403394,0
idle_pre,1790332985.4634874,4877037.152223435,79.215,36,1095,1215,736731403394,0
idle_pre,1790332985.51363,4877037.202366049,79.215,36,1095,1215,736731411384,0
idle_pre,1790332985.5636282,4877037.252364454,79.215,36,1095,1215,736731411384,0
idle_pre,1790332985.6136289,4877037.302364859,79.297,36,1095,1215,736731419369,0
idle_pre,1790332985.663481,4877037.352217026,79.297,36,1095,1215,736731419369,0
idle_pre,1790332985.7136302,4877037.40236638,79.297,36,1095,1215,736731427360,0
idle_pre,1790332985.763626,4877037.452362136,79.297,36,1095,1215,736731427360,0
idle_pre,1790332985.813493,4877037.502229222,79.297,36,1095,1215,736731435420,0
idle_pre,1790332985.863487,4877037.552223118,79.297,36,1095,1215,736731435420,0
idle_pre,1790332985.913631,4877037.602367101,79.215,36,1095,1215,736731443413,0
idle_pre,1790332985.9636316,4877037.652367687,79.215,36,1095,1215,736731443413,0
idle_pre,1790332986.0136287,4877037.702364682,79.297,36,1095,1215,736731451380,0
idle_pre,1790332986.0636268,4877037.752362848,79.297,36,1095,1215,736731451380,0
idle_pre,1790332986.1136303,4877037.802366232,79.215,36,1095,1215,736731459351,0
idle_pre,1790332986.163629,4877037.852365108,79.215,36,1095,1215,736731459351,0
idle_pre,1790332986.2136288,4877037.902364653,79.215,36,1095,1215,736731459351,0
idle_pre,1790332986.263631,4877037.952367089,79.215,36,1095,1215,736731467487,0
idle_pre,1790332986.3136282,4877038.002364214,79.297,36,1095,1215,736731467487,0
idle_pre,1790332986.3636293,4877038.052365309,79.297,36,1095,1215,736731475415,0
idle_pre,1790332986.4136314,4877038.102367505,79.297,36,1095,1215,736731475415,0
idle_pre,1790332986.4636428,4877038.15237885,79.297,36,1095,1215,736731483341,0
idle_pre,1790332986.5136294,4877038.202365385,79.297,36,1095,1215,736731483341,0
idle_pre,1790332986.5634847,4877038.252220622,79.297,36,1095,1215,736731491315,0
idle_pre,1790332986.613624,4877038.302360206,79.297,36,1095,1215,736731491315,0
idle_pre,1790332986.663628,4877038.352364001,79.297,36,1095,1215,736731499320,0
idle_pre,1790332986.7136328,4877038.402368797,79.297,36,1095,1215,736731499320,0
idle_pre,1790332986.7636304,4877038.452366272,79.297,36,1095,1215,736731507306,0
idle_pre,1790332986.8134933,4877038.502229299,79.215,36,1095,1215,736731507306,0
idle_pre,1790332986.8636312,4877038.552367423,79.215,36,1095,1215,736731515313,0
idle_pre,1790332986.913631,4877038.602366947,79.215,36,1095,1215,736731515313,0
idle_pre,1790332986.9636288,4877038.652364943,79.215,36,1095,1215,736731523305,0
idle_pre,1790332987.0136316,4877038.702367558,79.215,36,1095,1215,736731523305,0
idle_pre,1790332987.0636263,4877038.752362384,79.215,36,1095,1215,736731531301,0
idle_pre,1790332987.113582,4877038.80231783,79.215,36,1095,1215,736731531301,0
idle_pre,1790332987.1634843,4877038.852220586,79.215,36,1095,1215,736731539289,0
idle_pre,1790332987.213628,4877038.90236426,79.215,36,1095,1215,736731539289,0
idle_pre,1790332987.263631,4877038.952367125,79.215,36,1095,1215,736731547270,0
idle_pre,1790332987.3134878,4877039.002223892,79.297,36,1095,1215,736731547270,0
idle_pre,1790332987.363486,4877039.052222067,79.297,36,1095,1215,736731555266,0
idle_pre,1790332987.41363,4877039.102365901,79.297,36,1095,1215,736731555266,0
idle_pre,1790332987.4636438,4877039.152379846,79.297,36,1095,1215,736731563266,0
idle_pre,1790332987.5136294,4877039.202365451,79.297,36,1095,1215,736731563266,0
idle_pre,1790332987.5636308,4877039.252366957,79.297,36,1095,1215,736731571259,0
idle_pre,1790332987.61363,4877039.302366092,79.297,36,1095,1215,736731571259,0
idle_pre,1790332987.6636298,4877039.352365738,79.297,36,1095,1215,736731579257,0
idle_pre,1790332987.7136297,4877039.402365733,79.215,36,1095,1215,736731579257,0
idle_pre,1790332987.7636323,4877039.452368378,79.215,36,1095,1215,736731587084,0
idle_pre,1790332987.8134925,4877039.502228605,79.297,36,1095,1215,736731587084,0
idle_pre,1790332987.8636281,4877039.552364009,79.297,36,1095,1215,736731595076,0
idle_pre,1790332987.913486,4877039.602222136,79.215,36,1095,1215,736731595076,0
idle_pre,1790332987.9636307,4877039.652366759,79.215,36,1095,1215,736731603064,0
idle_pre,1790332988.0136266,4877039.702362785,79.297,36,1095,1215,736731603064,0
idle_pre,1790332988.063629,4877039.75236473,79.297,36,1095,1215,736731611056,0
idle_pre,1790332988.1136296,4877039.802365856,79.297,36,1095,1215,736731611056,0
idle_pre,1790332988.1635592,4877039.852295172,79.297,36,1095,1215,736731619053,0
idle_pre,1790332988.213628,4877039.902364186,79.297,36,1095,1215,736731619053,0
idle_pre,1790332988.2636282,4877039.952364302,79.297,36,1095,1215,736731627042,0
idle_pre,1790332988.31363,4877040.002366307,79.297,36,1095,1215,736731627042,0
idle_pre,1790332988.363632,4877040.052367832,79.297,36,1095,1215,736731635027,0
idle_pre,1790332988.4136293,4877040.102365118,79.297,36,1095,1215,736731635027,0
idle_pre,1790332988.4636314,4877040.152367353,79.297,36,1095,1215,736731643022,0
idle_pre,1790332988.5136328,4877040.202368738,79.297,36,1095,1215,736731643022,0
idle_pre,1790332988.56363,4877040.252366124,79.297,36,1095,1215,736731651020,0
idle_pre,1790332988.6136358,4877040.302371819,79.297,36,1095,1215,736731651020,0
idle_pre,1790332988.6636279,4877040.352363724,79.297,36,1095,1215,736731659019,0
idle_pre,1790332988.7136302,4877040.40236625,79.215,36,1095,1215,736731659019,0
idle_pre,1790332988.76363,4877040.452365955,79.215,36,1095,1215,736731667008,0
idle_pre,1790332988.8134937,4877040.502229962,79.297,36,1095,1215,736731667008,0
idle_pre,1790332988.8634903,4877040.552226257,79.297,36,1095,1215,736731675009,0
idle_pre,1790332988.913488,4877040.602224052,79.297,36,1095,1215,736731675009,0
idle_pre,1790332988.9636288,4877040.652364966,79.297,36,1095,1215,736731682998,0
idle_pre,1790332989.0136292,4877040.702365302,79.215,36,1095,1215,736731682998,0
idle_pre,1790332989.0636284,4877040.752364707,79.215,36,1095,1215,736731690974,0
idle_pre,1790332989.1136305,4877040.802366502,79.215,36,1095,1215,736731690974,0
idle_pre,1790332989.1636326,4877040.852368767,79.215,36,1095,1215,736731698962,0
idle_pre,1790332989.2136285,4877040.902364543,79.297,36,1095,1215,736731698962,0
idle_pre,1790332989.2636297,4877040.952365568,79.297,36,1095,1215,736731706955,0
idle_pre,1790332989.3136282,4877041.002364143,79.297,36,1095,1215,736731706955,0
idle_pre,1790332989.3636293,4877041.052365439,79.297,36,1095,1215,736731714940,0
idle_pre,1790332989.4136279,4877041.102363954,79.297,36,1095,1215,736731714940,0
idle_pre,1790332989.4636319,4877041.15236802,79.297,36,1095,1215,736731722915,0
idle_pre,1790332989.5136287,4877041.202364684,79.297,36,1095,1215,736731722915,0
idle_pre,1790332989.5636313,4877041.25236729,79.297,36,1095,1215,736731730902,0
idle_pre,1790332989.6136289,4877041.302365015,79.297,36,1095,1215,736731730902,0
idle_pre,1790332989.6636298,4877041.352365911,79.297,36,1095,1215,736731738891,0
idle_pre,1790332989.7134867,4877041.402222698,78.966,36,1095,1215,736731738891,0
idle_pre,1790332989.7636278,4877041.452363841,78.966,36,1095,1215,736731746865,0
idle_pre,1790332989.8136268,4877041.502362867,79.215,36,1095,1215,736731746865,0
idle_pre,1790332989.863491,4877041.552227034,79.215,36,1095,1215,736731754844,0
idle_pre,1790332989.913485,4877041.602221049,78.884,36,1095,1215,736731754844,0
idle_pre,1790332989.963488,4877041.652224125,78.884,36,1095,1215,736731762819,0
idle_pre,1790332990.0134885,4877041.70222475,79.215,36,1095,1215,736731762819,0
idle_pre,1790332990.0634875,4877041.752223615,79.215,36,1095,1215,736731770797,0
idle_pre,1790332990.113629,4877041.802365319,79.215,36,1095,1215,736731770797,0
idle_pre,1790332990.1636333,4877041.852369404,79.215,36,1095,1215,736731778769,0
idle_pre,1790332990.21363,4877041.90236601,79.297,36,1095,1215,736731778769,0
idle_pre,1790332990.263632,4877041.952368185,79.297,36,1095,1215,736731786744,0
idle_pre,1790332990.3136287,4877042.00236475,78.966,36,1095,1215,736731786744,0
idle_pre,1790332990.3636286,4877042.052364686,78.966,36,1095,1215,736731794702,0
idle_pre,1790332990.4136283,4877042.102364341,78.966,36,1095,1215,736731794702,0
idle_pre,1790332990.4636283,4877042.152364436,78.966,36,1095,1215,736731802669,0
idle_pre,1790332990.5136273,4877042.202363342,78.966,36,1095,1215,736731802669,0
idle_pre,1790332990.5636308,4877042.252366787,78.966,36,1095,1215,736731810630,0
idle_pre,1790332990.613629,4877042.302365352,78.884,36,1095,1215,736731810630,0
idle_pre,1790332990.663484,4877042.352220289,78.884,36,1095,1215,736731818597,0
idle_pre,1790332990.7136295,4877042.402365493,78.966,36,1095,1215,736731818597,0
idle_pre,1790332990.7636318,4877042.452367988,78.966,36,1095,1215,736731826545,0
idle_pre,1790332990.8134942,4877042.502230505,78.966,36,1095,1215,736731826545,0
idle_pre,1790332990.8636293,4877042.552365279,78.966,36,1095,1215,736731834518,0
idle_pre,1790332990.9136314,4877042.602367545,78.884,36,1095,1215,736731834518,0
idle_pre,1790332990.9636269,4877042.65236288,78.884,36,1095,1215,736731842475,0
idle_pre,1790332991.0136294,4877042.702365425,78.966,36,1095,1215,736731842475,0
idle_pre,1790332991.06363,4877042.75236605,78.966,36,1095,1215,736731850440,0
idle_pre,1790332991.1136308,4877042.802366856,78.966,36,1095,1215,736731850440,0
idle_pre,1790332991.16363,4877042.852366121,78.966,36,1095,1215,736731858399,0
idle_pre,1790332991.213628,4877042.902364226,78.966,36,1095,1215,736731858399,0
idle_pre,1790332991.2636287,4877042.952364802,78.966,36,1095,1215,736731866355,0
idle_pre,1790332991.3136299,4877043.002366107,78.966,36,1095,1215,736731866355,0
idle_pre,1790332991.3636289,4877043.052364842,78.966,36,1095,1215,736731874320,0
idle_pre,1790332991.4136286,4877043.102364657,78.966,35,1095,1215,736731874320,0
idle_pre,1790332991.4634838,4877043.152220164,78.966,35,1095,1215,736731882272,0
idle_pre,1790332991.5136285,4877043.202364518,78.966,36,1095,1215,736731882272,0
idle_pre,1790332991.5636275,4877043.252363523,78.966,36,1095,1215,736731890225,0
idle_pre,1790332991.6136296,4877043.302365779,78.966,35,1095,1215,736731890225,0
idle_pre,1790332991.6636305,4877043.352366624,78.966,35,1095,1215,736731898173,0
idle_pre,1790332991.7136302,4877043.40236623,78.884,35,1095,1215,736731898173,0
idle_pre,1790332991.7636273,4877043.452363235,78.884,35,1095,1215,736731906121,0
idle_pre,1790332991.813494,4877043.502230092,78.884,35,1095,1215,736731906121,0
idle_pre,1790332991.8634818,4877043.552218007,78.884,35,1095,1215,736731914087,0
idle_pre,1790332991.9134855,4877043.602221633,78.966,35,1095,1215,736731914087,0
idle_pre,1790332991.96363,4877043.652366116,78.966,35,1095,1215,736731914087,0
idle_pre,1790332992.0136328,4877043.702368901,78.966,35,1095,1215,736731922150,0
idle_pre,1790332992.0636308,4877043.752366777,78.966,35,1095,1215,736731922150,0
idle_pre,1790332992.113629,4877043.802365162,78.966,35,1095,1215,736731930038,0
idle_pre,1790332992.1634843,4877043.852220509,78.966,35,1095,1215,736731930038,0
idle_pre,1790332992.2136292,4877043.902365292,78.966,35,1095,1215,736731937959,0
idle_pre,1790332992.2636297,4877043.952365638,78.966,35,1095,1215,736731937959,0
idle_pre,1790332992.3136292,4877044.002365353,78.966,35,1095,1215,736731945910,0
idle_pre,1790332992.3636267,4877044.052362719,78.966,35,1095,1215,736731945910,0
idle_pre,1790332992.4136302,4877044.102366274,78.966,35,1095,1215,736731953867,0
idle_pre,1790332992.4635842,4877044.15232038,78.966,35,1095,1215,736731953867,0
idle_pre,1790332992.5136309,4877044.202366955,78.884,35,1095,1215,736731961825,0
idle_pre,1790332992.5636303,4877044.252366269,78.884,35,1095,1215,736731961825,0
idle_pre,1790332992.613632,4877044.302368175,78.884,35,1095,1215,736731969812,0
idle_pre,1790332992.6634858,4877044.352221652,78.884,35,1095,1215,736731969812,0
idle_pre,1790332992.7136302,4877044.402366136,78.884,35,1095,1215,736731977749,0
idle_pre,1790332992.7636313,4877044.452367341,78.884,35,1095,1215,736731977749,0
idle_pre,1790332992.8134937,4877044.502229888,78.884,35,1095,1215,736731985684,0
idle_pre,1790332992.8636293,4877044.552365372,78.884,35,1095,1215,736731985684,0
idle_pre,1790332992.9136355,4877044.602371537,78.884,35,1095,1215,736731993660,0
idle_pre,1790332992.963486,4877044.652221924,78.884,35,1095,1215,736731993660,0
idle_pre,1790332993.0134845,4877044.70222048,78.966,35,1095,1215,736732001612,0
idle_pre,1790332993.0634842,4877044.752220185,78.966,35,1095,1215,736732001612,0
idle_pre,1790332993.113631,4877044.802367028,78.966,35,1095,1215,736732009569,0
idle_pre,1790332993.1636286,4877044.852364543,78.966,35,1095,1215,736732009569,0
idle_pre,1790332993.2136326,4877044.902368599,78.966,35,1095,1215,736732017521,0
idle_pre,1790332993.2636302,4877044.952366054,78.966,35,1095,1215,736732017521,0
idle_pre,1790332993.3136292,4877045.00236517,78.966,35,1095,1215,736732025473,0
idle_pre,1790332993.3636286,4877045.052364505,78.966,35,1095,1215,736732025473,0
idle_pre,1790332993.4136314,4877045.10236764,78.966,35,1095,1215,736732033423,0
idle_pre,1790332993.4634652,4877045.152201308,78.966,35,1095,1215,736732033423,0
idle_pre,1790332993.51345,4877045.202185643,78.966,35,1095,1215,736732041382,0
idle_pre,1790332993.5634487,4877045.252184319,78.966,35,1095,1215,736732041382,0
idle_pre,1790332993.6134481,4877045.302184004,78.884,35,1095,1215,736732049320,0
idle_pre,1790332993.6634445,4877045.352180289,78.884,35,1095,1215,736732049320,0
idle_pre,1790332993.7134452,4877045.402180915,78.884,35,1095,1215,736732057271,0
idle_pre,1790332993.763443,4877045.45217879,78.884,35,1095,1215,736732057271,0
idle_pre,1790332993.813446,4877045.502181775,78.884,35,1095,1215,736732065220,0
idle_pre,1790332993.8634467,4877045.552182641,78.884,35,1095,1215,736732065220,0
idle_pre,1790332993.9134479,4877045.602183646,78.966,35,1095,1215,736732073183,0
idle_pre,1790332993.9634464,4877045.652181961,78.966,35,1095,1215,736732073183,0
idle_pre,1790332994.0134459,4877045.702181637,78.966,35,1095,1215,736732081136,0
idle_pre,1790332994.063441,4877045.752176772,78.966,35,1095,1215,736732081136,0
idle_pre,1790332994.1134477,4877045.802183357,78.884,35,1095,1215,736732089098,0
idle_pre,1790332994.1634452,4877045.852180973,78.884,35,1095,1215,736732089098,0
idle_pre,1790332994.2134492,4877045.902184838,78.966,35,1095,1215,736732097061,0
idle_pre,1790332994.263444,4877045.952179633,78.966,35,1095,1215,736732097061,0
idle_pre,1790332994.3134456,4877046.002181249,78.966,35,1095,1215,736732105039,0
idle_pre,1790332994.3634477,4877046.052183224,78.966,35,1095,1215,736732105039,0
idle_pre,1790332994.4134457,4877046.10218143,78.966,35,1095,1215,736732112997,0
idle_pre,1790332994.4634442,4877046.152179875,78.966,35,1095,1215,736732112997,0
idle_pre,1790332994.5134456,4877046.20218128,78.966,35,1095,1215,736732120928,0
idle_pre,1790332994.5634465,4877046.252182235,78.966,35,1095,1215,736732120928,0
idle_pre,1790332994.613445,4877046.302180921,78.966,35,1095,1215,736732128924,0
idle_pre,1790332994.663444,4877046.352179656,78.966,35,1095,1215,736732128924,0
idle_pre,1790332994.713448,4877046.402183652,78.966,35,1095,1215,736732136874,0
idle_pre,1790332994.7636266,4877046.452362515,78.966,35,1095,1215,736732136874,0
idle_pre,1790332994.8136294,4877046.50236538,78.966,35,1095,1215,736732144781,0
idle_pre,1790332994.8636308,4877046.552366865,78.966,35,1095,1215,736732144781,0
idle_pre,1790332994.9134872,4877046.602223152,78.884,35,1095,1215,736732152796,0
idle_pre,1790332994.9634871,4877046.652223298,78.884,35,1095,1215,736732152796,0
idle_pre,1790332995.013487,4877046.702223133,78.966,35,1095,1215,736732160717,0
idle_pre,1790332995.063486,4877046.752222219,78.966,35,1095,1215,736732160717,0
idle_pre,1790332995.113485,4877046.802221054,78.966,35,1095,1215,736732168684,0
idle_pre,1790332995.1634865,4877046.852222389,78.966,35,1095,1215,736732168684,0
idle_pre,1790332995.2134902,4877046.902226305,78.966,35,1095,1215,736732176645,0
idle_pre,1790332995.2634838,4877046.95221966,78.966,35,1095,1215,736732176645,0
idle_pre,1790332995.3136306,4877047.002366563,78.884,35,1095,1215,736732184598,0
idle_pre,1790332995.3636262,4877047.052362169,78.884,35,1095,1215,736732184598,0
idle_pre,1790332995.41363,4877047.102366014,78.884,35,1095,1215,736732192549,0
idle_pre,1790332995.4636106,4877047.15234659,78.884,35,1095,1215,736732192549,0
idle_pre,1790332995.5136323,4877047.202368405,78.966,35,1095,1215,736732200517,0
idle_pre,1790332995.5636284,4877047.25236461,78.966,35,1095,1215,736732200517,0
idle_pre,1790332995.6136317,4877047.302367685,78.884,35,1095,1215,736732208471,0
idle_pre,1790332995.6635737,4877047.352309841,78.884,35,1095,1215,736732208471,0
idle_pre,1790332995.7136335,4877047.402369566,78.966,35,1095,1215,736732216435,0
idle_pre,1790332995.7634847,4877047.452220633,78.966,35,1095,1215,736732216435,0
idle_pre,1790332995.813494,4877047.502230248,78.884,35,1095,1215,736732224388,0
idle_pre,1790332995.8634846,4877047.552220654,78.884,35,1095,1215,736732224388,0
idle_pre,1790332995.9136305,4877047.602366597,78.966,35,1095,1215,736732232365,0
idle_pre,1790332995.9636357,4877047.652371662,78.966,35,1095,1215,736732232365,0
idle_pre,1790332996.0136352,4877047.702371057,78.966,35,1095,1215,736732240315,0
idle_pre,1790332996.0636282,4877047.752364443,78.966,35,1095,1215,736732240315,0
idle_pre,1790332996.1136286,4877047.802364598,78.884,35,1095,1215,736732248278,0
idle_pre,1790332996.1636312,4877047.852367244,78.884,35,1095,1215,736732248278,0
idle_pre,1790332996.21349,4877047.902225961,78.884,35,1095,1215,736732256224,0
idle_pre,1790332996.263629,4877047.952365065,78.884,35,1095,1215,736732256224,0
idle_pre,1790332996.313628,4877048.00236385,78.966,35,1095,1215,736732264182,0
idle_pre,1790332996.3636274,4877048.052363485,78.966,35,1095,1215,736732264182,0
idle_pre,1790332996.4136329,4877048.102368931,78.884,35,1095,1215,736732272127,0
idle_pre,1790332996.4636292,4877048.152365346,78.884,35,1095,1215,736732272127,0
idle_pre,1790332996.5134847,4877048.202220963,78.884,35,1095,1215,736732280096,0
idle_pre,1790332996.5636308,4877048.252366947,78.884,35,1095,1215,736732280096,0
idle_pre,1790332996.613631,4877048.302367002,78.884,35,1095,1215,736732288049,0
idle_pre,1790332996.6636271,4877048.352363347,78.884,35,1095,1215,736732288049,0
idle_pre,1790332996.71363,4877048.402365992,78.884,35,1095,1215,736732296010,0
idle_pre,1790332996.7636287,4877048.452364768,78.884,35,1095,1215,736732296010,0
idle_pre,1790332996.8134937,4877048.502229784,78.966,35,1095,1215,736732303964,0
idle_pre,1790332996.86363,4877048.552366178,78.966,35,1095,1215,736732303964,0
idle_pre,1790332996.9136307,4877048.602366824,78.966,35,1095,1215,736732311954,0
idle_pre,1790332996.9636292,4877048.652365329,78.966,35,1095,1215,736732311954,0
idle_pre,1790332997.0135524,4877048.702288545,78.966,35,1095,1215,736732319902,0
idle_pre,1790332997.0636294,4877048.75236533,78.966,35,1095,1215,736732319902,0
idle_pre,1790332997.113629,4877048.802365345,78.966,35,1095,1215,736732327869,0
idle_pre,1790332997.163629,4877048.85236518,78.966,35,1095,1215,736732327869,0
idle_pre,1790332997.2134957,4877048.902231937,78.884,35,1095,1215,736732335828,0
idle_pre,1790332997.2635665,4877048.952302732,78.884,35,1095,1215,736732335828,0
idle_pre,1790332997.3136296,4877049.002365666,78.884,35,1095,1215,736732343785,0
idle_pre,1790332997.3635414,4877049.052277383,78.884,35,1095,1215,736732343785,0
idle_pre,1790332997.4136293,4877049.102365187,78.884,35,1095,1215,736732351729,0
idle_pre,1790332997.4636285,4877049.152364713,78.884,35,1095,1215,736732351729,0
idle_pre,1790332997.513626,4877049.202362268,78.884,35,1095,1215,736732359683,0
idle_pre,1790332997.5636306,4877049.252366743,78.884,35,1095,1215,736732359683,0
idle_pre,1790332997.613628,4877049.302364019,78.966,35,1095,1215,736732367641,0
idle_pre,1790332997.6636283,4877049.352364274,78.966,35,1095,1215,736732367641,0
idle_pre,1790332997.7134936,4877049.402229681,78.966,35,1095,1215,736732367641,0
idle_pre,1790332997.7635434,4877049.452279435,78.966,35,1095,1215,736732375660,0
idle_pre,1790332997.8136287,4877049.50236467,78.966,35,1095,1215,736732375660,0
idle_pre,1790332997.8634849,4877049.552220887,78.966,35,1095,1215,736732383554,0
idle_pre,1790332997.9136329,4877049.6023689,78.966,35,1095,1215,736732383554,0
idle_pre,1790332997.9636319,4877049.652368026,78.966,35,1095,1215,736732391498,0
idle_pre,1790332998.013635,4877049.702370811,78.966,35,1095,1215,736732391498,0
idle_pre,1790332998.0634894,4877049.752225558,78.966,35,1095,1215,736732399454,0
idle_pre,1790332998.1134865,4877049.802222563,78.966,35,1095,1215,736732399454,0
idle_pre,1790332998.1636271,4877049.852363297,78.966,35,1095,1215,736732407404,0
idle_pre,1790332998.2134938,4877049.902229774,78.966,35,1095,1215,736732407404,0
idle_pre,1790332998.263488,4877049.952224149,78.966,35,1095,1215,736732415349,0
idle_pre,1790332998.3135636,4877050.002299804,78.966,35,1095,1215,736732415349,0
idle_pre,1790332998.363485,4877050.05222113,78.966,35,1095,1215,736732423291,0
idle_pre,1790332998.4136274,4877050.102363484,78.884,35,1095,1215,736732423291,0
idle_pre,1790332998.4636412,4877050.152377189,78.884,35,1095,1215,736732431248,0
idle_pre,1790332998.5136306,4877050.202366774,78.966,35,1095,1215,736732431248,0
idle_pre,1790332998.563632,4877050.252368139,78.966,35,1095,1215,736732439183,0
idle_pre,1790332998.6134853,4877050.302221257,78.615,35,1095,1215,736732439183,0
idle_pre,1790332998.6636333,4877050.35236947,78.615,35,1095,1215,736732447124,0
idle_pre,1790332998.713632,4877050.402367926,78.884,35,1095,1215,736732447124,0
idle_pre,1790332998.7636304,4877050.452366511,78.884,35,1095,1215,736732455082,0
idle_pre,1790332998.8134933,4877050.502229408,78.884,35,1095,1215,736732455082,0
idle_pre,1790332998.86363,4877050.552366131,78.884,35,1095,1215,736732463041,0
idle_pre,1790332998.9136317,4877050.602367846,78.696,35,1095,1215,736732463041,0
idle_pre,1790332998.9636278,4877050.652363852,78.696,35,1095,1215,736732471009,0
idle_pre,1790332999.0136313,4877050.702367177,78.696,35,1095,1215,736732471009,0
idle_pre,1790332999.0634847,4877050.752220844,78.696,35,1095,1215,736732478958,0
idle_pre,1790332999.1136322,4877050.802368338,78.884,35,1095,1215,736732478958,0
idle_pre,1790332999.1636312,4877050.852367103,78.884,35,1095,1215,736732486910,0
idle_pre,1790332999.213629,4877050.902364949,78.696,35,1095,1215,736732486910,0
idle_pre,1790332999.2634945,4877050.952230486,78.696,35,1095,1215,736732494848,0
idle_pre,1790332999.3134904,4877051.002226461,78.884,35,1095,1215,736732494848,0
idle_pre,1790332999.36363,4877051.052366235,78.884,35,1095,1215,736732502800,0
idle_pre,1790332999.4134953,4877051.102231402,78.884,35,1095,1215,736732502800,0
idle_pre,1790332999.463487,4877051.152223077,78.884,35,1095,1215,736732510741,0
idle_pre,1790332999.5136302,4877051.202366231,78.966,35,1095,1215,736732510741,0
idle_pre,1790332999.5636277,4877051.252363886,78.966,35,1095,1215,736732518675,0
idle_pre,1790332999.6134884,4877051.302224403,78.696,35,1095,1215,736732518675,0
idle_pre,1790332999.6634874,4877051.352223488,78.696,35,1095,1215,736732526613,0
idle_pre,1790332999.713631,4877051.402367102,78.696,35,1095,1215,736732526613,0
idle_pre,1790332999.7636316,4877051.452367748,78.696,35,1095,1215,736732534566,0
idle_pre,1790332999.8136308,4877051.502366793,78.696,35,1095,1215,736732534566,0
idle_pre,1790332999.8634894,4877051.55222527,78.696,35,1095,1215,736732542520,0
idle_pre,1790332999.9136295,4877051.602365564,78.966,35,1095,1215,736732542520,0
idle_pre,1790332999.9636295,4877051.652365589,78.966,35,1095,1215,736732550474,0
idle_pre,1790333000.0136306,4877051.702366844,78.696,35,1095,1215,736732550474,0
idle_pre,1790333000.063632,4877051.752368169,78.696,35,1095,1215,736732558401,0
idle_pre,1790333000.113631,4877051.802367065,78.696,35,1095,1215,736732558401,0
idle_pre,1790333000.1636484,4877051.85238421,78.696,35,1095,1215,736732566333,0
idle_pre,1790333000.2136316,4877051.902367676,78.696,35,1095,1215,736732566333,0
idle_pre,1790333000.2636316,4877051.952367561,78.696,35,1095,1215,736732574267,0
idle_pre,1790333000.3134928,4877052.002228778,78.696,35,1095,1215,736732574267,0
idle_pre,1790333000.3634915,4877052.052227773,78.696,35,1095,1215,736732582195,0
idle_pre,1790333000.413493,4877052.102229159,78.884,35,1095,1215,736732582195,0
idle_pre,1790333000.4636297,4877052.152365852,78.884,35,1095,1215,736732590120,0
idle_pre,1790333000.5136287,4877052.202364608,78.884,35,1095,1215,736732590120,0
idle_pre,1790333000.5636282,4877052.252364432,78.884,35,1095,1215,736732598064,0
idle_pre,1790333000.6136289,4877052.302365108,78.884,35,1095,1215,736732598064,0
idle_pre,1790333000.6636288,4877052.352364883,78.884,35,1095,1215,736732605989,0
idle_pre,1790333000.7136297,4877052.402365799,78.696,35,1095,1215,736732605989,0
idle_pre,1790333000.763631,4877052.452367084,78.696,35,1095,1215,736732613962,0
idle_pre,1790333000.8136325,4877052.502368559,78.696,35,1095,1215,736732613962,0
idle_pre,1790333000.8634944,4877052.552230566,78.696,35,1095,1215,736732621872,0
idle_pre,1790333000.9134946,4877052.602230552,78.696,35,1095,1215,736732621872,0
idle_pre,1790333000.9636326,4877052.652368666,78.696,35,1095,1215,736732629819,0
idle_pre,1790333001.0136292,4877052.702365191,78.696,35,1095,1215,736732629819,0
idle_pre,1790333001.06348,4877052.752215988,78.696,35,1095,1215,736732637745,0
idle_pre,1790333001.1136305,4877052.802366472,78.696,35,1095,1215,736732637745,0
idle_pre,1790333001.1636062,4877052.852342427,78.696,35,1095,1215,736732645682,0
idle_pre,1790333001.2136276,4877052.902363772,78.615,35,1095,1215,736732645682,0
idle_pre,1790333001.26363,4877052.952365858,78.615,35,1095,1215,736732653615,0
idle_pre,1790333001.3136294,4877053.002365523,78.696,35,1095,1215,736732653615,0
idle_pre,1790333001.3636277,4877053.052363818,78.696,35,1095,1215,736732661550,0
idle_pre,1790333001.413626,4877053.102361933,78.615,35,1095,1215,736732661550,0
idle_pre,1790333001.4636292,4877053.152365429,78.615,35,1095,1215,736732669481,0
idle_pre,1790333001.5136294,4877053.202365474,78.615,35,1095,1215,736732669481,0
idle_pre,1790333001.5636284,4877053.25236462,78.615,35,1095,1215,736732677428,0
idle_pre,1790333001.6136296,4877053.302365845,78.696,35,1095,1215,736732677428,0
idle_pre,1790333001.6636283,4877053.35236428,78.696,35,1095,1215,736732685355,0
idle_pre,1790333001.7136314,4877053.402367415,78.696,35,1095,1215,736732685355,0
idle_pre,1790333001.7636297,4877053.452365571,78.696,35,1095,1215,736732693290,0
idle_pre,1790333001.8136287,4877053.502364686,78.615,35,1095,1215,736732693290,0
idle_pre,1790333001.8634932,4877053.552229333,78.615,35,1095,1215,736732701214,0
idle_pre,1790333001.9136302,4877053.602366247,78.696,35,1095,1215,736732701214,0
idle_pre,1790333001.963629,4877053.652365152,78.696,35,1095,1215,736732709157,0
idle_pre,1790333002.0136292,4877053.702365238,78.615,35,1095,1215,736732709157,0
idle_pre,1790333002.063631,4877053.752367103,78.615,35,1095,1215,736732717087,0
idle_pre,1790333002.1136289,4877053.802365078,78.615,35,1095,1215,736732717087,0
idle_pre,1790333002.1636298,4877053.852365853,78.615,35,1095,1215,736732725020,0
idle_pre,1790333002.2136285,4877053.902364569,78.615,35,1095,1215,736732725020,0
idle_pre,1790333002.2634885,4877053.952224616,78.615,35,1095,1215,736732732944,0
idle_pre,1790333002.3136277,4877054.00236368,78.615,35,1095,1215,736732732944,0
idle_pre,1790333002.3634942,4877054.052230296,78.615,35,1095,1215,736732740879,0
idle_pre,1790333002.41349,4877054.102226392,78.615,35,1095,1215,736732740879,0
idle_pre,1790333002.4636233,4877054.152359166,78.615,35,1095,1215,736732748813,0
idle_pre,1790333002.5136282,4877054.202364091,78.615,35,1095,1215,736732748813,0
idle_pre,1790333002.5636318,4877054.252367826,78.615,35,1095,1215,736732756748,0
idle_pre,1790333002.6136265,4877054.302362292,78.696,35,1095,1215,736732756748,0
idle_pre,1790333002.6634843,4877054.352220509,78.696,35,1095,1215,736732764678,0
idle_pre,1790333002.7136292,4877054.402365162,78.696,35,1095,1215,736732764678,0
idle_pre,1790333002.7636287,4877054.452364798,78.696,35,1095,1215,736732772615,0
idle_pre,1790333002.8135982,4877054.502334363,78.696,35,1095,1215,736732772615,0
idle_pre,1790333002.8636293,4877054.552365328,78.696,35,1095,1215,736732780542,0
idle_pre,1790333002.9136283,4877054.602364573,78.696,35,1095,1215,736732780542,0
idle_pre,1790333002.9634929,4877054.65222897,78.696,35,1095,1215,736732788489,0
idle_pre,1790333003.0136287,4877054.702364724,78.696,35,1095,1215,736732788489,0
idle_pre,1790333003.0636296,4877054.75236571,78.696,35,1095,1215,736732796429,0
idle_pre,1790333003.1134546,4877054.802190687,78.696,35,1095,1215,736732796429,0
idle_pre,1790333003.1636324,4877054.85236851,78.696,35,1095,1215,736732804367,0
idle_pre,1790333003.213487,4877054.902222887,78.696,35,1095,1215,736732804367,0
idle_pre,1790333003.2634873,4877054.952223222,78.696,35,1095,1215,736732812288,0
idle_pre,1790333003.3136296,4877055.002365786,78.615,35,1095,1215,736732812288,0
idle_pre,1790333003.36355,4877055.052286122,78.615,35,1095,1215,736732812288,0
idle_pre,1790333003.4136298,4877055.102365707,78.615,35,1095,1215,736732820318,0
idle_pre,1790333003.4634936,4877055.152229724,78.615,35,1095,1215,736732820318,0
idle_pre,1790333003.513494,4877055.202230069,78.696,35,1095,1215,736732828175,0
idle_pre,1790333003.5636294,4877055.252365272,78.696,35,1095,1215,736732828175,0
idle_pre,1790333003.6136293,4877055.302365458,78.615,35,1095,1215,736732836080,0
idle_pre,1790333003.663631,4877055.352366823,78.615,35,1095,1215,736732836080,0
idle_pre,1790333003.7136302,4877055.402366259,78.615,35,1095,1215,736732844006,0
idle_pre,1790333003.7636287,4877055.452364814,78.615,35,1095,1215,736732844006,0
idle_pre,1790333003.8134959,4877055.502231851,78.615,35,1095,1215,736732851950,0
idle_pre,1790333003.8636305,4877055.552366615,78.615,35,1095,1215,736732851950,0
idle_pre,1790333003.9134846,4877055.602220592,78.696,35,1095,1215,736732859880,0
idle_pre,1790333003.9634955,4877055.652231567,78.696,35,1095,1215,736732859880,0
idle_pre,1790333004.0134952,4877055.702231472,78.696,35,1095,1215,736732867825,0
idle_pre,1790333004.06363,4877055.752366156,78.696,35,1095,1215,736732867825,0
idle_pre,1790333004.1136305,4877055.802366452,78.615,35,1095,1215,736732875746,0
idle_pre,1790333004.16363,4877055.852366037,78.615,35,1095,1215,736732875746,0
idle_pre,1790333004.2136304,4877055.902366422,78.615,35,1095,1215,736732883683,0
idle_pre,1790333004.2634847,4877055.952220659,78.615,35,1095,1215,736732883683,0
idle_pre,1790333004.313628,4877056.002364083,78.615,35,1095,1215,736732891603,0
idle_pre,1790333004.3636274,4877056.052363638,78.615,35,1095,1215,736732891603,0
idle_pre,1790333004.4136276,4877056.102363813,78.615,35,1095,1215,736732899538,0
idle_pre,1790333004.4634943,4877056.15223044,78.615,35,1095,1215,736732899538,0
idle_pre,1790333004.513493,4877056.202229146,78.696,35,1095,1215,736732907465,0
idle_pre,1790333004.5636318,4877056.25236796,78.696,35,1095,1215,736732907465,0
idle_pre,1790333004.6136315,4877056.302367635,78.696,35,1095,1215,736732915403,0
idle_pre,1790333004.663628,4877056.35236402,78.696,35,1095,1215,736732915403,0
idle_pre,1790333004.7134867,4877056.402222597,78.696,35,1095,1215,736732923323,0
idle_pre,1790333004.7634866,4877056.452222662,78.696,35,1095,1215,736732923323,0
idle_pre,1790333004.8134933,4877056.502229447,78.696,35,1095,1215,736732931263,0
idle_pre,1790333004.863629,4877056.552365181,78.696,35,1095,1215,736732931263,0
idle_pre,1790333004.913628,4877056.602364147,78.696,35,1095,1215,736732939190,0
idle_pre,1790333004.9636273,4877056.652363232,78.696,35,1095,1215,736732939190,0
idle_pre,1790333005.0136275,4877056.702363767,78.696,35,1095,1215,736732947128,0
idle_pre,1790333005.0634937,4877056.752229884,78.696,35,1095,1215,736732947128,0
idle_pre,1790333005.1136289,4877056.802364928,78.615,35,1095,1215,736732955051,0
idle_pre,1790333005.163626,4877056.852362134,78.615,35,1095,1215,736732955051,0
idle_pre,1790333005.21363,4877056.902366009,78.615,35,1095,1215,736732962999,0
idle_pre,1790333005.2634854,4877056.952221476,78.615,35,1095,1215,736732962999,0
idle_pre,1790333005.313629,4877057.002364919,78.696,35,1095,1215,736732970945,0
idle_pre,1790333005.3636265,4877057.052362585,78.696,35,1095,1215,736732970945,0
idle_pre,1790333005.4136298,4877057.10236572,78.615,35,1095,1215,736732978889,0
idle_pre,1790333005.4636292,4877057.152365306,78.615,35,1095,1215,736732978889,0
idle_pre,1790333005.5136266,4877057.202362751,78.615,35,1095,1215,736732986815,0
idle_pre,1790333005.5634959,4877057.252232188,78.615,35,1095,1215,736732986815,0
idle_pre,1790333005.6136272,4877057.302363192,78.696,35,1095,1215,736732994750,0
idle_pre,1790333005.6636302,4877057.352366487,78.696,35,1095,1215,736732994750,0
idle_pre,1790333005.71363,4877057.402365872,78.696,35,1095,1215,736733002706,0
idle_pre,1790333005.7636302,4877057.452366057,78.696,35,1095,1215,736733002706,0
idle_pre,1790333005.8134942,4877057.502230304,78.696,35,1095,1215,736733010636,0
idle_pre,1790333005.8634882,4877057.552224349,78.696,35,1095,1215,736733010636,0
idle_pre,1790333005.9136276,4877057.602363803,78.696,35,1095,1215,736733018560,0
idle_pre,1790333005.9636276,4877057.652363439,78.696,35,1095,1215,736733018560,0
idle_pre,1790333006.0136294,4877057.702365404,78.696,35,1095,1215,736733026540,0
idle_pre,1790333006.0634897,4877057.752225821,78.696,35,1095,1215,736733026540,0
idle_pre,1790333006.1135595,4877057.802295526,78.696,35,1095,1215,736733034432,0
idle_pre,1790333006.1636305,4877057.85236662,78.696,35,1095,1215,736733034432,0
idle_pre,1790333006.2136302,4877057.902366186,78.615,35,1095,1215,736733042403,0
idle_pre,1790333006.263486,4877057.952221913,78.615,35,1095,1215,736733042403,0
idle_pre,1790333006.3136292,4877058.002365327,78.615,35,1095,1215,736733050319,0
idle_pre,1790333006.3636322,4877058.052368102,78.615,35,1095,1215,736733050319,0
idle_pre,1790333006.4136276,4877058.102363757,78.615,35,1095,1215,736733058238,0
idle_pre,1790333006.4636467,4877058.152382772,78.615,35,1095,1215,736733058238,0
idle_pre,1790333006.5136287,4877058.202364588,78.696,35,1095,1215,736733066172,0
idle_pre,1790333006.5634923,4877058.252228555,78.696,35,1095,1215,736733066172,0
idle_pre,1790333006.6134903,4877058.30222646,78.696,35,1095,1215,736733074114,0
idle_pre,1790333006.66363,4877058.352366074,78.696,35,1095,1215,736733074114,0
idle_pre,1790333006.7136288,4877058.402364619,78.696,35,1095,1215,736733082054,0
idle_pre,1790333006.76363,4877058.452365805,78.696,35,1095,1215,736733082054,0
idle_pre,1790333006.8134933,4877058.502229481,78.696,35,1095,1215,736733090001,0
idle_pre,1790333006.8636289,4877058.552364875,78.696,35,1095,1215,736733090001,0
idle_pre,1790333006.9136322,4877058.60236836,78.696,35,1095,1215,736733097940,0
idle_pre,1790333006.9636283,4877058.652364225,78.696,35,1095,1215,736733097940,0
idle_pre,1790333007.0134914,4877058.702227452,78.696,35,1095,1215,736733105892,0
idle_pre,1790333007.0634944,4877058.752230448,78.696,35,1095,1215,736733105892,0
idle_pre,1790333007.113493,4877058.802229083,78.615,35,1095,1215,736733113826,0
idle_pre,1790333007.1636293,4877058.852365427,78.615,35,1095,1215,736733113826,0
idle_pre,1790333007.2136302,4877058.902366212,78.615,35,1095,1215,736733121754,0
idle_pre,1790333007.2636282,4877058.952364318,78.615,35,1095,1215,736733121754,0
idle_pre,1790333007.3136296,4877059.002365623,78.615,35,1095,1215,736733129687,0
idle_pre,1790333007.3636284,4877059.052364348,78.615,35,1095,1215,736733129687,0
idle_pre,1790333007.4134874,4877059.102223446,78.615,35,1095,1215,736733137640,0
idle_pre,1790333007.4636292,4877059.152365309,78.615,35,1095,1215,736733137640,0
idle_pre,1790333007.5136282,4877059.202364295,78.696,35,1095,1215,736733145575,0
idle_pre,1790333007.5634928,4877059.252228911,78.696,35,1095,1215,736733145575,0
idle_pre,1790333007.6136315,4877059.302367445,78.696,35,1095,1215,736733153523,0
idle_pre,1790333007.663629,4877059.35236504,78.696,35,1095,1215,736733153523,0
idle_pre,1790333007.713629,4877059.402364886,78.696,35,1095,1215,736733161452,0
idle_pre,1790333007.76363,4877059.452365841,78.696,35,1095,1215,736733161452,0
idle_pre,1790333007.813493,4877059.502229018,78.696,35,1095,1215,736733169389,0
idle_pre,1790333007.86363,4877059.552366072,78.696,35,1095,1215,736733169389,0
idle_pre,1790333007.9136283,4877059.602364567,78.615,35,1095,1215,736733177319,0
idle_pre,1790333007.9636295,4877059.652365632,78.615,35,1095,1215,736733177319,0
idle_pre,1790333008.013629,4877059.702364938,78.615,35,1095,1215,736733185263,0
idle_pre,1790333008.0634952,4877059.752231415,78.615,35,1095,1215,736733185263,0
idle_pre,1790333008.1134815,4877059.80221745,78.615,35,1095,1215,736733193196,0
idle_pre,1790333008.1636324,4877059.852368324,78.615,35,1095,1215,736733193196,0
idle_pre,1790333008.213627,4877059.902363169,78.696,35,1095,1215,736733201127,0
idle_pre,1790333008.2636302,4877059.952366074,78.696,35,1095,1215,736733201127,0
idle_pre,1790333008.3136296,4877060.00236585,78.615,35,1095,1215,736733209061,0
idle_pre,1790333008.3636272,4877060.052363265,78.615,35,1095,1215,736733209061,0
idle_pre,1790333008.4136312,4877060.10236719,78.615,35,1095,1215,736733217010,0
idle_pre,1790333008.463628,4877060.152364166,78.615,35,1095,1215,736733217010,0
idle_pre,1790333008.513628,4877060.202364011,78.615,35,1095,1215,736733224943,0
idle_pre,1790333008.5636315,4877060.252367756,78.615,35,1095,1215,736733224943,0
idle_pre,1790333008.6134932,4877060.302229363,78.615,35,1095,1215,736733224943,0
idle_pre,1790333008.6636295,4877060.352365626,78.615,35,1095,1215,736733233001,0
idle_pre,1790333008.7136295,4877060.402365452,78.615,35,1095,1215,736733233001,0
idle_pre,1790333008.7636285,4877060.452364527,78.615,35,1095,1215,736733240869,0
idle_pre,1790333008.8134933,4877060.502229324,78.615,35,1095,1215,736733240869,0
idle_pre,1790333008.8634868,4877060.55222282,78.615,35,1095,1215,736733248732,0
idle_pre,1790333008.9134858,4877060.602221935,78.696,35,1095,1215,736733248732,0
idle_pre,1790333008.963629,4877060.652365219,78.696,35,1095,1215,736733256660,0
idle_pre,1790333009.0136316,4877060.702367474,78.696,35,1095,1215,736733256660,0
idle_pre,1790333009.063485,4877060.752220871,78.696,35,1095,1215,736733264612,0
idle_pre,1790333009.113629,4877060.802365315,78.615,34,1095,1215,736733264612,0
idle_pre,1790333009.1634936,4877060.852229872,78.615,34,1095,1215,736733272534,0
idle_pre,1790333009.2136278,4877060.902363966,78.696,35,1095,1215,736733272534,0
idle_pre,1790333009.2636297,4877060.952365651,78.696,35,1095,1215,736733280460,0
idle_pre,1790333009.3136284,4877061.002364346,78.615,34,1095,1215,736733280460,0
idle_pre,1790333009.3636293,4877061.052365422,78.615,34,1095,1215,736733288381,0
idle_pre,1790333009.41363,4877061.102365907,78.615,35,1095,1215,736733288381,0
idle_pre,1790333009.4636312,4877061.152367202,78.615,35,1095,1215,736733296317,0
idle_pre,1790333009.513628,4877061.202363958,78.615,34,1095,1215,736733296317,0
idle_pre,1790333009.5636306,4877061.252366693,78.615,34,1095,1215,736733304258,0
idle_pre,1790333009.6134906,4877061.30222681,78.615,34,1095,1215,736733304258,0
idle_pre,1790333009.6634963,4877061.352232365,78.615,34,1095,1215,736733312192,0
idle_pre,1790333009.71363,4877061.402365948,78.696,34,1095,1215,736733312192,0
idle_pre,1790333009.7636285,4877061.452364624,78.696,34,1095,1215,736733320120,0
idle_pre,1790333009.8136292,4877061.502365279,78.696,34,1095,1215,736733320120,0
idle_pre,1790333009.8636305,4877061.552366605,78.696,34,1095,1215,736733328036,0
idle_pre,1790333009.9134855,4877061.602221602,78.615,34,1095,1215,736733328036,0
idle_pre,1790333009.9634862,4877061.652222377,78.615,34,1095,1215,736733335973,0
idle_pre,1790333010.0134554,4877061.702191523,78.615,34,1095,1215,736733335973,0
idle_pre,1790333010.0634885,4877061.752224488,78.615,34,1095,1215,736733343894,0
idle_pre,1790333010.1134865,4877061.802222693,78.696,34,1095,1215,736733343894,0
idle_pre,1790333010.163487,4877061.852223129,78.696,34,1095,1215,736733351817,0
idle_pre,1790333010.2134843,4877061.902220274,78.615,34,1095,1215,736733351817,0
idle_pre,1790333010.2634864,4877061.95222256,78.615,34,1095,1215,736733359741,0
idle_pre,1790333010.3134837,4877062.002219785,78.615,34,1095,1215,736733359741,0
idle_pre,1790333010.363485,4877062.05222118,78.615,34,1095,1215,736733367659,0
idle_pre,1790333010.413483,4877062.102219065,78.615,34,1095,1215,736733367659,0
idle_pre,1790333010.4634871,4877062.152223211,78.615,34,1095,1215,736733375586,0
idle_pre,1790333010.513486,4877062.202221866,78.615,34,1095,1215,736733375586,0
idle_pre,1790333010.5634844,4877062.252220471,78.615,34,1095,1215,736733383514,0
idle_pre,1790333010.6134834,4877062.302219587,78.615,34,1095,1215,736733383514,0
idle_pre,1790333010.663484,4877062.352220312,78.615,34,1095,1215,736733391440,0
idle_pre,1790333010.7134833,4877062.402219198,78.696,34,1095,1215,736733391440,0
idle_pre,1790333010.7634847,4877062.452220723,78.696,34,1095,1215,736733399357,0
idle_pre,1790333010.8134906,4877062.502226948,78.696,34,1095,1215,736733399357,0
idle_pre,1790333010.8634825,4877062.552218483,78.696,34,1095,1215,736733407276,0
idle_pre,1790333010.9134843,4877062.602220249,78.696,34,1095,1215,736733407276,0
idle_pre,1790333010.963487,4877062.652222924,78.696,34,1095,1215,736733415201,0
idle_pre,1790333011.0134838,4877062.702219719,78.696,34,1095,1215,736733415201,0
idle_pre,1790333011.0634837,4877062.752219645,78.696,34,1095,1215,736733423118,0
idle_pre,1790333011.1134863,4877062.8022225,78.696,34,1095,1215,736733423118,0
idle_pre,1790333011.1634846,4877062.852220715,78.696,34,1095,1215,736733431021,0
idle_pre,1790333011.2134836,4877062.902219551,78.291,34,1095,1215,736733431021,0
idle_pre,1790333011.2634845,4877062.952220456,78.291,34,1095,1215,736733438941,0
idle_pre,1790333011.3134851,4877063.002220981,78.373,34,1095,1215,736733438941,0
idle_pre,1790333011.363485,4877063.052221227,78.373,34,1095,1215,736733446861,0
idle_pre,1790333011.4134858,4877063.102221862,78.615,34,1095,1215,736733446861,0
idle_pre,1790333011.4634848,4877063.152220687,78.615,34,1095,1215,736733454786,0
idle_pre,1790333011.5134852,4877063.202221383,78.615,34,1095,1215,736733454786,0
idle_pre,1790333011.5634847,4877063.252220588,78.615,34,1095,1215,736733462712,0
idle_pre,1790333011.6134834,4877063.302219573,78.696,34,1095,1215,736733462712,0
idle_pre,1790333011.6634846,4877063.352220719,78.696,34,1095,1215,736733470639,0
idle_pre,1790333011.7134845,4877063.402220624,78.696,34,1095,1215,736733470639,0
idle_pre,1790333011.7634842,4877063.452220129,78.696,34,1095,1215,736733478558,0
idle_pre,1790333011.8134887,4877063.502224595,78.373,34,1095,1215,736733478558,0
idle_pre,1790333011.8634863,4877063.55222215,78.373,34,1095,1215,736733486474,0
idle_pre,1790333011.9134824,4877063.602218555,78.696,34,1095,1215,736733486474,0
idle_pre,1790333011.963487,4877063.652223071,78.696,34,1095,1215,736733494413,0
idle_pre,1790333012.0136323,4877063.702368214,78.696,34,1095,1215,736733494413,0
idle_pre,1790333012.063482,4877063.752218161,78.696,34,1095,1215,736733502327,0
idle_pre,1790333012.1136284,4877063.802364594,78.696,34,1095,1215,736733502327,0
idle_pre,1790333012.163628,4877063.85236411,78.696,34,1095,1215,736733510242,0
idle_pre,1790333012.2136276,4877063.902363635,78.291,34,1095,1215,736733510242,0
idle_pre,1790333012.2634928,4877063.952229082,78.291,34,1095,1215,736733518156,0
idle_pre,1790333012.3136253,4877064.002361376,78.373,34,1095,1215,736733518156,0
idle_pre,1790333012.3636296,4877064.052365681,78.373,34,1095,1215,736733526067,0
idle_pre,1790333012.4136295,4877064.102365397,78.291,34,1095,1215,736733526067,0
idle_pre,1790333012.4636283,4877064.152364252,78.291,34,1095,1215,736733533988,0
idle_pre,1790333012.513629,4877064.202364858,78.615,34,1095,1215,736733533988,0
idle_pre,1790333012.56363,4877064.252366203,78.615,34,1095,1215,736733541894,0
idle_pre,1790333012.6136289,4877064.302364928,78.615,34,1095,1215,736733541894,0
idle_pre,1790333012.6636293,4877064.352365484,78.615,34,1095,1215,736733549822,0
idle_pre,1790333012.7136285,4877064.402364449,78.696,34,1095,1215,736733549822,0
idle_pre,1790333012.763484,4877064.452220016,78.696,34,1095,1215,736733557714,0
idle_pre,1790333012.8134956,4877064.502231581,78.615,34,1095,1215,736733557714,0
idle_pre,1790333012.8636293,4877064.552365485,78.615,34,1095,1215,736733565626,0
idle_pre,1790333012.9136276,4877064.60236372,78.373,34,1095,1215,736733565626,0
idle_pre,1790333012.9636297,4877064.652365935,78.373,34,1095,1215,736733573541,0
idle_pre,1790333013.013632,4877064.702368171,78.373,34,1095,1215,736733573541,0
idle_pre,1790333013.0635595,4877064.752295427,78.373,34,1095,1215,736733581481,0
idle_pre,1790333013.1136277,4877064.802363781,78.696,34,1095,1215,736733581481,0
idle_pre,1790333013.163628,4877064.852364187,78.696,34,1095,1215,736733589405,0
idle_pre,1790333013.2136273,4877064.902363522,78.696,34,1095,1215,736733589405,0
idle_pre,1790333013.2634928,4877064.952229029,78.696,34,1095,1215,736733597326,0
idle_pre,1790333013.3134925,4877065.002228704,78.696,34,1095,1215,736733597326,0
idle_pre,1790333013.363615,4877065.052351018,78.696,34,1095,1215,736733605237,0
idle_pre,1790333013.4136267,4877065.102362694,78.615,34,1095,1215,736733605237,0
idle_pre,1790333013.463631,4877065.152366839,78.615,34,1095,1215,736733613163,0
idle_pre,1790333013.5136204,4877065.202356404,78.615,34,1095,1215,736733613163,0
idle_pre,1790333013.5635228,4877065.252258841,78.615,34,1095,1215,736733621067,0
idle_pre,1790333013.6136281,4877065.302364235,78.291,34,1095,1215,736733621067,0
idle_pre,1790333013.6636288,4877065.35236475,78.291,34,1095,1215,736733628973,0
idle_pre,1790333013.7136278,4877065.402363975,78.373,34,1095,1215,736733628973,0
idle_pre,1790333013.7634857,4877065.452221692,78.373,34,1095,1215,736733636898,0
idle_pre,1790333013.8134928,4877065.502228958,78.373,34,1095,1215,736733636898,0
idle_pre,1790333013.8634872,4877065.552223163,78.373,34,1095,1215,736733644815,0
idle_pre,1790333013.9134872,4877065.602223088,78.291,34,1095,1215,736733644815,0
idle_pre,1790333013.963631,4877065.652366942,78.291,34,1095,1215,736733652736,0
idle_pre,1790333014.0136292,4877065.702365207,78.373,34,1095,1215,736733652736,0
idle_pre,1790333014.0634851,4877065.752221314,78.373,34,1095,1215,736733660653,0
idle_pre,1790333014.1136277,4877065.802363608,78.373,34,1095,1215,736733660653,0
idle_pre,1790333014.1634839,4877065.852219915,78.373,34,1095,1215,736733668553,0
idle_pre,1790333014.2136297,4877065.902365788,78.373,34,1095,1215,736733668553,0
idle_pre,1790333014.2636302,4877065.952366014,78.373,34,1095,1215,736733676455,0
idle_pre,1790333014.313629,4877066.002365019,78.373,34,1095,1215,736733676455,0
idle_pre,1790333014.3634932,4877066.052229366,78.373,34,1095,1215,736733684364,0
idle_pre,1790333014.41363,4877066.10236617,78.373,34,1095,1215,736733684364,0
idle_pre,1790333014.4634845,4877066.152220517,78.373,34,1095,1215,736733684364,0
idle_pre,1790333014.5134866,4877066.202222682,78.291,34,1095,1215,736733692333,0
idle_pre,1790333014.5636318,4877066.252367876,78.291,34,1095,1215,736733692333,0
idle_pre,1790333014.6136272,4877066.302363051,78.291,34,1095,1215,736733700173,0
idle_pre,1790333014.663629,4877066.352365207,78.291,34,1095,1215,736733700173,0
idle_pre,1790333014.7136297,4877066.402365642,78.373,34,1095,1215,736733708059,0
idle_pre,1790333014.76363,4877066.452365937,78.373,34,1095,1215,736733708059,0
idle_pre,1790333014.8136277,4877066.502363803,78.291,34,1095,1215,736733715961,0
idle_pre,1790333014.8636267,4877066.552362928,78.291,34,1095,1215,736733715961,0
idle_pre,1790333014.913493,4877066.602229005,78.373,34,1095,1215,736733723871,0
idle_pre,1790333014.9634855,4877066.65222151,78.373,34,1095,1215,736733723871,0
idle_pre,1790333015.013629,4877066.702364964,78.373,34,1095,1215,736733731766,0
idle_pre,1790333015.063629,4877066.752364799,78.373,34,1095,1215,736733731766,0
idle_pre,1790333015.113628,4877066.802364065,78.373,34,1095,1215,736733739662,0
idle_pre,1790333015.1636288,4877066.85236484,78.373,34,1095,1215,736733739662,0
idle_pre,1790333015.213627,4877066.902363215,78.373,34,1095,1215,736733747556,0
idle_pre,1790333015.2636292,4877066.952365381,78.373,34,1095,1215,736733747556,0
idle_pre,1790333015.3136296,4877067.002365816,78.373,34,1095,1215,736733755460,0
idle_pre,1790333015.3636296,4877067.052365571,78.373,34,1095,1215,736733755460,0
idle_pre,1790333015.413489,4877067.102225388,78.373,34,1095,1215,736733763369,0
idle_pre,1790333015.4634845,4877067.152220594,78.373,34,1095,1215,736733763369,0
idle_pre,1790333015.5136254,4877067.202361388,78.291,34,1095,1215,736733771266,0
idle_pre,1790333015.5636303,4877067.252366513,78.291,34,1095,1215,736733771266,0
idle_pre,1790333015.6135526,4877067.302288659,78.291,34,1095,1215,736733779163,0
idle_pre,1790333015.6636288,4877067.352364813,78.291,34,1095,1215,736733779163,0
idle_pre,1790333015.71363,4877067.402365909,78.615,34,1095,1215,736733787059,0
idle_pre,1790333015.7636297,4877067.452365734,78.615,34,1095,1215,736733787059,0
idle_pre,1790333015.8134937,4877067.502229821,78.373,34,1095,1215,736733794954,0
idle_pre,1790333015.8634965,4877067.552232466,78.373,34,1095,1215,736733794954,0
idle_pre,1790333015.9134908,4877067.602226842,78.291,34,1095,1215,736733802854,0
idle_pre,1790333015.9636292,4877067.652365315,78.291,34,1095,1215,736733802854,0
idle_pre,1790333016.0134883,4877067.702224442,78.373,34,1095,1215,736733810761,0
idle_pre,1790333016.063629,4877067.752364766,78.373,34,1095,1215,736733810761,0
idle_pre,1790333016.1136265,4877067.802362421,78.373,34,1095,1215,736733818671,0
idle_pre,1790333016.1636295,4877067.852365647,78.373,34,1095,1215,736733818671,0
idle_pre,1790333016.213631,4877067.902366952,78.373,34,1095,1215,736733826573,0
idle_pre,1790333016.2636285,4877067.952364487,78.373,34,1095,1215,736733826573,0
idle_pre,1790333016.313631,4877068.002367043,78.373,34,1095,1215,736733834475,0
idle_pre,1790333016.363627,4877068.052363028,78.373,34,1095,1215,736733834475,0
idle_pre,1790333016.413625,4877068.102361014,78.291,34,1095,1215,736733842374,0
idle_pre,1790333016.4634874,4877068.152223631,78.291,34,1095,1215,736733842374,0
idle_pre,1790333016.5136282,4877068.202364194,78.373,34,1095,1215,736733850274,0
idle_pre,1790333016.5636296,4877068.25236574,78.373,34,1095,1215,736733850274,0
idle_pre,1790333016.6136289,4877068.302365065,78.373,34,1095,1215,736733858167,0
idle_pre,1790333016.6634836,4877068.352219692,78.373,34,1095,1215,736733858167,0
idle_pre,1790333016.71363,4877068.402366066,78.291,34,1095,1215,736733866076,0
idle_pre,1790333016.7636278,4877068.452363711,78.291,34,1095,1215,736733866076,0
idle_pre,1790333016.8134933,4877068.502229468,78.291,34,1095,1215,736733873976,0
idle_pre,1790333016.863631,4877068.552367242,78.291,34,1095,1215,736733873976,0
idle_pre,1790333016.9134965,4877068.602232759,78.291,34,1095,1215,736733881870,0
idle_pre,1790333016.963493,4877068.652229244,78.291,34,1095,1215,736733881870,0
idle_pre,1790333017.013628,4877068.702363898,78.291,34,1095,1215,736733889775,0
idle_pre,1790333017.0634837,4877068.752219585,78.291,34,1095,1215,736733889775,0
idle_pre,1790333017.113629,4877068.802365268,78.373,34,1095,1215,736733897669,0
idle_pre,1790333017.1634881,4877068.852224315,78.373,34,1095,1215,736733897669,0
idle_pre,1790333017.2136278,4877068.902363949,78.373,34,1095,1215,736733905595,0
idle_pre,1790333017.2636318,4877068.952367894,78.373,34,1095,1215,736733905595,0
idle_pre,1790333017.3136299,4877069.002366119,78.373,34,1095,1215,736733913456,0
idle_pre,1790333017.3636274,4877069.052363695,78.373,34,1095,1215,736733913456,0
idle_pre,1790333017.4136264,4877069.1023624,78.373,34,1095,1215,736733921371,0
idle_pre,1790333017.463495,4877069.152231037,78.373,34,1095,1215,736733921371,0
idle_pre,1790333017.5134933,4877069.202229363,78.373,34,1095,1215,736733929254,0
idle_pre,1790333017.5636292,4877069.252365036,78.373,34,1095,1215,736733929254,0
idle_pre,1790333017.6136289,4877069.302364932,78.373,34,1095,1215,736733937157,0
idle_pre,1790333017.6636317,4877069.352367627,78.373,34,1095,1215,736733937157,0
idle_pre,1790333017.7134979,4877069.402234024,78.373,34,1095,1215,736733945047,0
idle_pre,1790333017.7636287,4877069.452364758,78.373,34,1095,1215,736733945047,0
idle_pre,1790333017.8136322,4877069.502368193,78.373,34,1095,1215,736733952936,0
idle_pre,1790333017.8634844,4877069.552220439,78.373,34,1095,1215,736733952936,0
idle_pre,1790333017.9136279,4877069.602363843,78.291,34,1095,1215,736733960832,0
idle_pre,1790333017.9636295,4877069.652365559,78.291,34,1095,1215,736733960832,0
idle_pre,1790333018.0134885,4877069.702224636,78.291,34,1095,1215,736733968726,0
idle_pre,1790333018.063631,4877069.752367189,78.291,34,1095,1215,736733968726,0
idle_pre,1790333018.1136305,4877069.802366575,78.291,34,1095,1215,736733976649,0
idle_pre,1790333018.1636298,4877069.85236577,78.291,34,1095,1215,736733976649,0
idle_pre,1790333018.2136297,4877069.902365696,78.373,34,1095,1215,736733984545,0
idle_pre,1790333018.26363,4877069.952365871,78.373,34,1095,1215,736733984545,0
idle_pre,1790333018.31363,4877070.002366186,78.373,34,1095,1215,736733992459,0
idle_pre,1790333018.363629,4877070.052365161,78.373,34,1095,1215,736733992459,0
idle_pre,1790333018.4134946,4877070.102230648,78.373,34,1095,1215,736734000353,0
idle_pre,1790333018.4634943,4877070.152230474,78.373,34,1095,1215,736734000353,0
idle_pre,1790333018.513493,4877070.202229099,78.373,34,1095,1215,736734008264,0
idle_pre,1790333018.5636303,4877070.252366423,78.373,34,1095,1215,736734008264,0
idle_pre,1790333018.613535,4877070.302271049,78.373,34,1095,1215,736734016150,0
idle_pre,1790333018.6635358,4877070.352272014,78.373,34,1095,1215,736734016150,0
idle_pre,1790333018.7134845,4877070.40222052,78.373,34,1095,1215,736734024069,0
idle_pre,1790333018.7636292,4877070.452365364,78.373,34,1095,1215,736734024069,0
idle_pre,1790333018.8134937,4877070.502229791,78.373,34,1095,1215,736734031970,0
idle_pre,1790333018.8634834,4877070.552219556,78.373,34,1095,1215,736734031970,0
idle_pre,1790333018.9136286,4877070.60236485,78.373,34,1095,1215,736734039882,0
idle_pre,1790333018.963493,4877070.652229247,78.373,34,1095,1215,736734039882,0
idle_pre,1790333019.0134938,4877070.702229862,78.291,34,1095,1215,736734047779,0
idle_pre,1790333019.0634687,4877070.752204898,78.291,34,1095,1215,736734047779,0
idle_pre,1790333019.1134531,4877070.802188913,78.291,34,1095,1215,736734055687,0
idle_pre,1790333019.1634488,4877070.852184589,78.291,34,1095,1215,736734055687,0
idle_pre,1790333019.2134485,4877070.902184274,78.291,34,1095,1215,736734063583,0
idle_pre,1790333019.2634416,4877070.952177319,78.291,34,1095,1215,736734063583,0
idle_pre,1790333019.313447,4877071.002182535,78.373,34,1095,1215,736734071477,0
idle_pre,1790333019.3634448,4877071.05218058,78.373,34,1095,1215,736734071477,0
idle_pre,1790333019.4134467,4877071.102182415,78.373,34,1095,1215,736734079377,0
idle_pre,1790333019.4634576,4877071.152193191,78.373,34,1095,1215,736734079377,0
idle_pre,1790333019.5134494,4877071.202185216,78.373,34,1095,1215,736734087275,0
idle_pre,1790333019.5634463,4877071.252182101,78.373,34,1095,1215,736734087275,0
idle_pre,1790333019.6134443,4877071.302180007,78.373,34,1095,1215,736734095175,0
idle_pre,1790333019.6634455,4877071.352181102,78.373,34,1095,1215,736734095175,0
idle_pre,1790333019.7134552,4877071.402190987,78.373,34,1095,1215,736734103066,0
idle_pre,1790333019.763447,4877071.452182662,78.373,34,1095,1215,736734103066,0
idle_pre,1790333019.813446,4877071.502181868,78.291,34,1095,1215,736734110966,0
idle_pre,1790333019.8634453,4877071.552181053,78.291,34,1095,1215,736734110966,0
idle_pre,1790333019.9134438,4877071.602179719,78.373,34,1095,1215,736734118853,0
idle_pre,1790333019.9634502,4877071.652185684,78.373,34,1095,1215,736734118853,0
idle_pre,1790333020.0134466,4877071.702182469,78.291,34,1095,1215,736734118853,0
idle_pre,1790333020.0634456,4877071.752181255,78.291,34,1095,1215,736734126877,0
idle_pre,1790333020.113453,4877071.80218852,78.373,34,1095,1215,736734126877,0
idle_pre,1790333020.1634507,4877071.852186285,78.373,34,1095,1215,736734134736,0
idle_pre,1790333020.2134485,4877071.902184251,78.291,34,1095,1215,736734134736,0
idle_pre,1790333020.2634459,4877071.952181576,78.291,34,1095,1215,736734142547,0
idle_pre,1790333020.3134475,4877072.002183211,78.291,34,1095,1215,736734142547,0
idle_pre,1790333020.3636253,4877072.052361374,78.291,34,1095,1215,736734150446,0
idle_pre,1790333020.4136322,4877072.102368219,78.291,34,1095,1215,736734150446,0
idle_pre,1790333020.4635255,4877072.152261656,78.291,34,1095,1215,736734158341,0
idle_pre,1790333020.5136316,4877072.20236753,78.373,34,1095,1215,736734158341,0
idle_pre,1790333020.5636292,4877072.252365196,78.373,34,1095,1215,736734166238,0
idle_pre,1790333020.6134846,4877072.302220563,78.373,34,1095,1215,736734166238,0
idle_pre,1790333020.6636279,4877072.352363936,78.373,34,1095,1215,736734174138,0
idle_pre,1790333020.713628,4877072.402364112,78.373,34,1095,1215,736734174138,0
idle_pre,1790333020.7636266,4877072.452362497,78.373,34,1095,1215,736734182050,0
idle_pre,1790333020.8136313,4877072.502367332,78.373,34,1095,1215,736734182050,0
idle_pre,1790333020.8634908,4877072.552226939,78.373,34,1095,1215,736734189947,0
idle_pre,1790333020.9134932,4877072.602229404,78.291,34,1095,1215,736734189947,0
idle_pre,1790333020.9635098,4877072.652245849,78.291,34,1095,1215,736734197860,0
idle_pre,1790333021.0136282,4877072.702364273,78.291,34,1095,1215,736734197860,0
idle_pre,1790333021.063625,4877072.752361219,78.291,34,1095,1215,736734205755,0
idle_pre,1790333021.11349,4877072.802226156,78.373,34,1095,1215,736734205755,0
idle_pre,1790333021.1636298,4877072.8523659,78.373,34,1095,1215,736734213664,0
idle_pre,1790333021.2134843,4877072.902220287,78.291,34,1095,1215,736734213664,0
idle_pre,1790333021.2636292,4877072.95236547,78.291,34,1095,1215,736734221558,0
idle_pre,1790333021.3134818,4877073.002217708,78.291,34,1095,1215,736734221558,0
idle_pre,1790333021.363627,4877073.052363021,78.291,34,1095,1215,736734229454,0
idle_pre,1790333021.4134932,4877073.102229498,78.291,34,1095,1215,736734229454,0
idle_pre,1790333021.4635649,4877073.152300722,78.291,34,1095,1215,736734237345,0
idle_pre,1790333021.5136294,4877073.202365527,78.291,34,1095,1215,736734237345,0
idle_pre,1790333021.5636308,4877073.252366792,78.291,34,1095,1215,736734245237,0
idle_pre,1790333021.613483,4877073.302218929,78.291,34,1095,1215,736734245237,0
idle_pre,1790333021.6635149,4877073.352251044,78.291,34,1095,1215,736734253120,0
idle_pre,1790333021.7136297,4877073.402365848,78.291,34,1095,1215,736734253120,0
idle_pre,1790333021.7636306,4877073.452366674,78.291,34,1095,1215,736734261012,0
idle_pre,1790333021.8136325,4877073.502368458,78.291,34,1095,1215,736734261012,0
idle_pre,1790333021.863494,4877073.552230035,78.291,34,1095,1215,736734268915,0
idle_pre,1790333021.9134955,4877073.602231731,78.373,34,1095,1215,736734268915,0
idle_pre,1790333021.9636316,4877073.652367785,78.373,34,1095,1215,736734276789,0
idle_pre,1790333022.0134857,4877073.702221722,78.373,34,1095,1215,736734276789,0
idle_pre,1790333022.0636327,4877073.752368715,78.373,34,1095,1215,736734284678,0
idle_pre,1790333022.1136293,4877073.802365511,78.291,34,1095,1215,736734284678,0
idle_pre,1790333022.163633,4877073.852369316,78.291,34,1095,1215,736734292566,0
idle_pre,1790333022.2136288,4877073.902364842,78.373,34,1095,1215,736734292566,0
idle_pre,1790333022.26363,4877073.952365967,78.373,34,1095,1215,736734300458,0
idle_pre,1790333022.31363,4877074.002366142,78.373,34,1095,1215,736734300458,0
