t_perf,energy_mj,power_w,energy_changed,power_changed
4876987.603738825,736722386950,351.695,0,0
4876987.613553542,736722386950,353.756,0,1
4876987.624716274,736722429671,353.756,1,0
4876987.740515123,736722459619,353.756,1,0
4876987.84087887,736722495141,353.756,1,0
4876987.921716011,736722495141,354.348,0,1
4876987.940949959,736722530595,354.348,1,0
4876988.026636855,736722573444,354.617,1,1
4876988.130524931,736722573444,355.485,0,1
4876988.146892293,736722603639,355.485,1,0
4876988.227431057,736722603639,355.808,0,1
4876988.245089214,736722639065,355.808,1,0
4876988.34636484,736722674672,355.808,1,0
4876988.449377016,736722711167,355.808,1,0
4876988.532751008,736722711167,356.354,0,1
4876988.549493055,736722746639,356.354,1,0
4876988.634421269,736722746639,356.077,0,1
4876988.647623517,736722782283,356.077,1,0
4876988.751126908,736722818347,356.077,1,0
4876988.836519726,736722818347,356.677,0,1
4876988.849722385,736722854060,356.677,1,0
4876988.938564224,736722854060,356.354,0,1
4876988.950641395,736722889972,356.354,1,0
4876989.042502099,736722889972,356.077,0,1
4876989.054729268,736722926410,356.077,1,0
4876989.143163722,736722926410,356.946,0,1
4876989.154203415,736722961922,356.946,1,0
4876989.245445196,736722961922,356.677,0,1
4876989.253979458,736722997922,356.677,1,0
4876989.346367476,736722997922,356.354,0,1
4876989.357417969,736723034225,356.354,1,0
4876989.450595309,736723034225,356.946,0,1
4876989.455265095,736723069905,356.946,1,0
4876989.551155673,736723069905,356.354,0,1
4876989.558514558,736723105916,356.354,1,0
4876989.654571804,736723105916,356.677,0,1
4876989.659185391,736723142006,356.677,1,0
4876989.75327292,736723142006,356.946,0,1
4876989.760703974,736723178036,356.946,1,0
4876989.856476914,736723178036,356.677,0,1
4876989.86112931,736723213903,356.677,1,0
4876989.962534115,736723250078,356.677,1,0
4876990.061360229,736723286044,356.677,1,0
4876990.162704254,736723322223,356.677,1,0
4876990.264289496,736723358176,356.677,1,0
4876990.366102246,736723394248,356.677,1,0
4876990.466775039,736723430357,356.677,1,0
4876990.567924907,736723466465,356.946,1,1
4876990.668228714,736723502533,356.946,1,0
4876990.769063275,736723538609,356.946,1,0
4876990.869326083,736723574867,356.946,1,0
4876990.970831436,736723610796,357.538,1,1
4876991.070869836,736723647019,357.538,1,0
4876991.172967133,736723683161,357.538,1,0
4876991.273107672,736723719420,357.538,1,0
4876991.375623153,736723755512,357.815,1,1
4876991.477361824,736723791950,357.815,1,0
4876991.575362428,736723827822,357.815,1,0
4876991.580631827,736723827822,358.407,0,1
4876991.679436572,736723864370,358.138,1,1
4876991.780927405,736723900747,358.138,1,0
4876991.881981974,736723936964,358.138,1,0
4876991.978804891,736723972540,358.138,1,0
4876991.984323967,736723972540,359.276,0,1
4876992.104335508,736724017079,359.276,1,0
4876992.151279829,736724017079,358.138,0,1
4876992.183214322,736724045835,358.138,1,0
4876992.188462901,736724045835,359.007,0,1
4876992.287470413,736724082518,359.545,1,1
4876992.387527453,736724118441,359.276,1,1
4876992.48963974,736724155114,359.545,1,1
4876992.587735382,736724190905,359.545,1,0
4876992.690101876,736724227242,359.545,1,0
4876992.790541831,736724263536,359.545,1,0
4876992.891898686,736724299751,359.545,1,0
4876992.896067228,736724299751,359.868,0,1
4876992.993851455,736724336299,359.868,1,0
4876993.093113954,736724372272,359.868,1,0
4876993.195723324,736724408883,359.868,1,0
4876993.295518807,736724444845,359.868,1,0
4876993.298930998,736724444845,360.137,0,1
4876993.39619235,736724481111,360.137,1,0
4876993.407006496,736724481111,360.467,0,1
4876993.497473716,736724517450,360.467,1,0
4876993.599741541,736724554259,360.467,1,0
4876993.6084952,736724554259,360.137,0,1
4876993.698520365,736724590156,360.137,1,0
4876993.713674511,736724590156,360.467,0,1
4876993.799791222,736724626524,360.467,1,0
4876993.90086516,736724662862,360.467,1,0
4876994.002017267,736724699210,360.467,1,0
4876994.103534211,736724735681,360.467,1,0
4876994.117663858,736724735681,360.137,0,1
4876994.204183764,736724772010,360.137,1,0
4876994.218676117,736724772010,360.467,0,1
4876994.305535309,736724808469,360.467,1,0
4876994.319718576,736724808469,360.137,0,1
4876994.406064753,736724844750,360.137,1,0
4876994.420568847,736724844750,360.736,0,1
4876994.507568227,736724881311,360.736,1,0
4876994.521719164,736724881311,360.467,0,1
4876994.6081753,736724917612,360.467,1,0
4876994.710420755,736724954481,360.467,1,0
4876994.724159057,736724954481,360.137,0,1
4876994.810397836,736724990528,360.137,1,0
4876994.827355091,736724990528,360.467,0,1
4876994.912073408,736725027209,360.467,1,0
4876994.928738646,736725027209,359.868,0,1
4876995.012319496,736725063374,359.868,1,0
4876995.029071813,736725063374,360.736,0,1
4876995.113676921,736725099970,360.736,1,0
4876995.130159661,736725099970,360.467,0,1
4876995.214019457,736725136203,360.467,1,0
4876995.231397288,736725136203,361.874,0,1
4876995.315243504,736725172758,361.874,1,0
4876995.416458501,736725209320,361.874,1,0
4876995.443040665,736725209320,360.736,0,1
4876995.539971381,736725254314,360.736,1,0
4876995.618083053,736725283044,360.736,1,0
4876995.648425844,736725283044,366.848,0,1
4876995.722121068,736725320531,366.848,1,0
4876995.821170819,736725356912,366.848,1,0
4876995.850402603,736725356912,367.717,0,1
4876995.92285322,736725394043,367.717,1,0
4876995.951425282,736725394043,367.448,0,1
4876996.02381256,736725431084,367.448,1,0
4876996.052357622,736725431084,367.717,0,1
4876996.125237084,736725468307,367.717,1,0
4876996.153795706,736725468307,367.448,0,1
4876996.225907787,736725505270,367.448,1,0
4876996.257473964,736725505270,367.717,0,1
4876996.327778176,736725542681,367.717,1,0
4876996.359389073,736725542681,367.448,0,1
4876996.427718248,736725579414,367.448,1,0
4876996.460912176,736725579414,367.986,0,1
4876996.529696076,736725616867,367.986,1,0
4876996.560941447,736725616867,367.448,0,1
4876996.629511309,736725653599,367.448,1,0
4876996.661189644,736725653599,367.717,0,1
4876996.731137111,736725690882,367.717,1,0
4876996.831557726,736725727798,367.717,1,0
4876996.933242318,736725765187,367.717,1,0
4876996.968055648,736725765187,367.448,0,1
4876997.033151309,736725801947,367.448,1,0
4876997.071521818,736725801947,368.855,0,1
4876997.134495944,736725839187,368.855,1,0
4876997.172536277,736725839187,367.986,0,1
4876997.235879599,736725876484,367.986,1,0
4876997.337273374,736725913770,367.986,1,0
4876997.375161008,736725913770,367.717,0,1
4876997.438116695,736725950886,367.717,1,0
4876997.538880147,736725987951,367.717,1,0
4876997.602766883,736725987951,367.717,0,0
